player,player_id,position,team_name,player_game_count,accuracy_percent,aimed_passes,attempts,avg_depth_of_target,avg_time_to_throw,bats,big_time_throws,btt_rate,completion_percent,completions,declined_penalties,def_gen_pressures,drop_rate,dropbacks,drops,first_downs,franchise_id,grades_hands_fumble,grades_offense,grades_pass,grades_run,hit_as_threw,interceptions,passing_snaps,penalties,pressure_to_sack_rate,qb_rating,sack_percent,sacks,scrambles,spikes,thrown_aways,touchdowns,turnover_worthy_plays,twp_rate,yards,ypa
Joe Burrow,28022,QB,CIN,11,76.5,379,408,8.3,2.71,5,21,4.9,67.2,274,0,156,5.5,453,16,164,7,61.0,90.4,89.3,67.7,7,4,480,6,16.7,106.9,5.7,26,16,0,17,27,8,1.7,3028,7.4
Geno Smith,7820,QB,SEA,11,77.9,375,405,7.8,2.81,10,20,4.5,69.1,280,1,177,4.1,461,12,160,29,69.1,81.0,80.6,62.3,2,12,504,8,20.9,88.5,8.0,37,19,2,16,12,12,2.4,3035,7.5
Bo Nix,97790,QB,DEN,12,75.7,366,399,8.0,3.03,12,13,3.1,64.9,259,0,135,6.5,457,18,132,10,90.5,72.8,70.2,72.0,4,6,485,6,14.1,89.9,4.2,19,34,1,16,16,7,1.4,2548,6.4
C.J. Stroud,129759,QB,HST,12,72.1,369,396,8.3,2.97,4,20,4.7,63.1,250,0,179,6.0,466,16,155,13,71.3,74.3,73.4,61.6,6,9,494,2,21.8,87.3,8.4,39,30,1,16,14,14,2.8,2875,7.3
Matthew Stafford,4924,QB,LA,11,73.0,363,385,8.2,2.6,7,14,3.4,66.5,256,0,130,3.4,412,9,133,26,57.3,68.7,67.8,51.0,5,7,439,1,20.0,93.2,6.3,26,1,1,9,15,15,3.4,2800,7.3
Patrick Mahomes,11765,QB,KC,11,80.6,345,381,6.4,2.84,6,11,2.8,69.8,266,1,137,4.3,441,12,165,16,91.6,85.0,79.4,87.5,3,11,468,2,19.7,93.2,6.1,27,29,1,26,18,11,2.4,2673,7.0
Aaron Rodgers,2241,QB,NYJ,11,74.6,354,380,7.2,2.53,8,18,4.5,63.4,241,0,110,8.7,415,23,124,22,74.3,75.9,74.8,65.7,5,7,437,5,23.6,88.9,6.3,26,9,0,13,17,9,2.1,2442,6.4
Baker Mayfield,46518,QB,TB,11,79.2,356,374,6.5,2.67,8,15,3.8,71.4,267,0,102,5.3,427,15,155,30,48.3,81.3,79.7,67.8,5,9,451,3,23.5,104.1,5.6,24,26,1,4,24,15,3.3,2799,7.5
Caleb Williams,144622,QB,CHI,11,73.5,332,372,8.1,2.95,9,15,3.7,62.6,233,1,152,4.5,448,11,126,6,89.6,67.5,64.4,76.5,4,5,488,8,28.9,84.9,9.8,44,31,2,25,11,12,2.5,2356,6.3
Kirk Cousins,7102,QB,ATL,11,76.7,331,360,7.9,2.55,9,10,2.6,68.1,245,0,132,3.5,386,9,129,2,45.3,77.3,75.4,64.1,4,9,416,1,16.7,96.6,5.7,22,2,4,12,17,17,4.1,2807,7.8
Lamar Jackson,46416,QB,BLT,12,77.7,310,343,9.3,3.17,11,14,3.8,67.3,231,0,134,4.1,390,10,154,3,56.8,91.9,90.3,84.6,8,3,422,4,11.9,117.9,4.1,16,29,4,10,27,6,1.4,3053,8.9
Daniel Jones,39395,QB,NYG,10,77.7,309,341,7.5,2.71,5,7,1.9,63.3,216,0,145,10.0,389,24,110,21,80.1,72.0,67.5,79.0,3,7,418,5,20.0,79.4,7.5,29,16,4,20,8,9,2.2,2070,6.1
Josh Allen,46601,QB,BUF,11,74.0,308,339,7.9,2.75,8,26,7.1,64.0,217,0,129,4.8,384,11,129,4,35.5,84.7,75.3,91.8,4,5,414,2,10.1,98.2,3.4,13,29,1,18,18,13,3.1,2543,7.5
Jayden Daniels,97993,QB,WAS,12,78.2,307,332,8.1,2.95,7,14,4.0,68.4,227,1,139,5.4,409,13,141,32,71.0,88.5,83.4,82.5,1,5,433,1,19.4,97.6,6.6,27,48,1,16,12,7,1.6,2613,7.9
Sam Darnold,29048,QB,MIN,11,78.0,300,327,9.4,3.11,1,22,6.1,67.6,221,0,140,5.6,377,13,136,18,47.8,81.9,79.2,76.2,3,10,411,5,22.1,101.7,8.2,31,19,1,22,21,17,4.1,2717,8.3
Justin Herbert,28237,QB,LAC,11,74.8,290,313,9.3,2.91,6,21,6.3,62.9,197,0,122,9.2,366,20,114,27,33.7,86.6,85.6,63.3,4,1,393,0,22.1,99.0,7.4,27,22,2,11,13,10,2.5,2404,7.7
Kyler Murray,38334,QB,ARZ,11,75.5,294,313,7.9,2.87,6,17,5.2,68.7,215,0,110,3.2,355,7,122,1,56.7,80.9,77.8,75.8,2,4,372,4,18.2,98.0,5.6,20,20,0,11,12,8,2.2,2343,7.5
Jared Goff,10635,QB,DET,11,80.1,282,306,7.3,2.7,4,9,2.8,72.9,223,0,112,1.3,340,3,139,11,60.4,74.4,71.5,68.9,3,9,351,2,18.8,109.9,6.2,21,11,1,16,20,13,3.7,2761,9.0
Brock Purdy,77672,QB,SF,10,73.7,289,306,9.3,3.12,6,14,4.3,66.0,202,0,140,5.2,367,11,140,28,59.0,81.3,75.1,86.7,2,8,390,0,14.3,95.9,5.4,20,37,1,8,13,10,2.6,2613,8.5
Gardner Minshew,41401,QB,LV,10,76.8,271,306,6.2,2.63,9,5,1.5,66.3,203,0,121,2.4,346,5,110,23,47.7,60.7,61.7,46.1,2,10,370,1,24.0,81.0,8.4,29,11,3,21,9,9,2.4,2013,6.6
Dak Prescott,10769,QB,DAL,8,72.4,268,286,8.3,2.63,6,14,4.5,64.7,185,0,98,4.6,317,9,88,9,56.0,67.9,67.2,59.6,4,8,344,3,21.4,86.0,6.6,21,6,2,6,11,16,4.7,1978,6.9
Jalen Hurts,40291,QB,PHI,11,80.1,256,285,8.7,3.19,4,14,4.7,69.1,197,0,143,3.9,348,8,125,24,50.8,76.2,67.0,87.0,1,5,368,1,20.3,102.3,8.3,29,31,1,23,13,14,3.8,2376,8.3
Jordan Love,40306,QB,GB,9,74.4,258,280,9.7,2.73,4,11,3.7,61.8,173,0,100,9.9,301,19,105,12,61.0,72.4,71.7,53.7,6,11,322,1,10.0,92.0,3.3,10,7,0,12,18,13,4.0,2244,8.0
Trevor Lawrence,77632,QB,JAX,9,71.2,260,274,9.7,2.63,2,13,4.5,61.3,168,0,89,9.2,306,17,102,15,69.9,80.3,76.9,77.8,1,6,321,1,20.2,87.9,5.9,18,12,1,10,11,11,3.4,2004,7.3
Tua Tagovailoa,60326,QB,MIA,7,79.8,223,232,6.0,2.3,5,8,3.3,73.3,170,1,52,4.5,255,8,101,17,34.1,71.2,68.8,68.9,0,4,265,1,25.0,106.3,5.1,13,5,1,3,13,8,3.0,1760,7.6
Drake Maye,143969,QB,NE,8,73.3,210,226,7.5,2.9,3,9,3.6,65.5,148,0,106,3.9,279,6,86,19,53.3,71.3,64.0,90.3,3,7,303,1,19.8,85.4,7.5,21,30,1,9,10,14,4.6,1458,6.5
Deshaun Watson,11767,QB,CLV,7,76.8,198,216,7.1,3.05,2,8,3.5,63.4,137,0,118,9.9,270,15,54,8,56.9,63.1,63.4,57.6,6,3,290,2,28.0,79.0,12.2,33,21,0,10,5,5,1.7,1148,5.3
Derek Carr,8671,QB,NO,8,79.1,191,211,8.5,2.65,3,13,5.8,68.7,145,0,72,4.0,226,6,72,20,66.2,86.2,87.5,46.1,0,4,241,3,9.7,106.4,3.1,7,5,0,17,13,5,2.1,1742,8.3
Will Levis,83542,QB,TEN,8,75.3,190,203,8.9,2.77,3,9,4.2,67.0,136,0,104,4.9,257,7,69,31,48.6,56.1,52.5,72.5,2,9,271,3,33.7,85.6,13.6,35,19,0,8,10,10,3.7,1447,7.1
Anthony Richardson,124393,QB,IND,8,61.1,167,191,12.9,2.96,3,14,6.9,47.1,90,1,82,11.8,217,12,62,14,24.6,60.4,61.4,56.0,10,7,229,3,13.4,65.4,5.1,11,15,2,9,5,11,4.8,1402,7.3
Bryce Young,123943,QB,CAR,8,68.8,173,188,8.1,2.82,2,10,5.0,60.1,113,0,75,5.0,216,6,55,5,75.0,61.8,62.8,57.8,0,6,230,5,17.3,71.7,6.0,13,15,0,13,5,7,3.0,1083,5.8
Jameis Winston,9434,QB,CLV,6,72.2,158,172,10.6,2.63,9,8,4.3,62.2,107,1,53,6.1,191,7,64,8,73.3,82.0,77.3,82.3,2,4,204,1,24.5,88.5,6.8,13,6,1,2,7,8,3.9,1266,7.4
Joe Flacco,4332,QB,IND,5,72.7,161,170,8.8,2.6,2,4,2.2,66.5,113,1,52,3.4,187,4,61,14,90.0,65.5,64.7,58.6,1,5,202,2,25.0,91.5,7.0,13,3,0,6,9,9,4.5,1167,6.9
Justin Fields,82118,QB,PIT,7,78.2,147,161,7.8,3.08,2,6,3.4,65.8,106,0,78,7.8,196,9,51,25,62.8,70.9,66.3,75.1,3,1,214,4,20.5,93.3,8.2,16,18,1,8,5,6,2.8,1106,6.9
Andy Dalton,6187,QB,CAR,6,77.5,151,160,7.0,2.54,3,6,3.6,66.3,106,0,50,9.4,175,11,52,5,58.2,68.1,67.4,58.0,0,6,185,0,14.0,82.0,4.0,7,6,0,6,7,8,4.3,989,6.2
Jacoby Brissett,10725,QB,NE,6,70.9,141,159,7.4,2.9,1,5,2.9,59.1,94,0,82,6.0,186,6,45,19,36.9,59.4,58.8,56.7,5,1,198,2,22.0,74.6,9.7,18,9,1,11,2,6,3.0,828,5.2
Cooper Rush,12324,QB,DAL,6,70.0,140,149,7.0,2.34,6,2,1.2,61.1,91,0,38,7.1,158,7,43,9,24.9,46.4,53.7,25.0,0,2,172,0,18.4,79.1,4.4,7,2,0,3,4,7,4.1,813,5.5
Russell Wilson,7077,QB,PIT,5,74.6,134,149,9.9,2.94,2,10,6.4,63.1,94,0,64,6.0,172,6,53,25,52.7,75.5,74.7,58.8,1,2,180,0,25.0,98.6,9.3,16,5,1,11,7,3,1.7,1212,8.1
Mason Rudolph,46569,QB,TEN,4,74.6,114,128,8.3,2.67,1,3,2.2,59.4,76,0,52,10.6,142,9,46,31,45.4,59.8,60.3,52.4,1,4,152,2,11.5,75.2,4.2,6,6,2,10,4,4,2.6,806,6.3
Spencer Rattler,97408,QB,NO,3,75.0,88,99,7.4,2.79,2,1,1.0,59.6,59,0,45,10.6,119,7,25,20,24.6,55.9,55.4,58.4,3,2,127,0,31.1,70.7,11.8,14,6,0,6,1,5,3.9,571,5.8
Aidan O'Connell,60516,QB,LV,4,70.3,74,82,7.1,2.78,1,1,1.1,63.4,52,0,26,0.0,85,0,26,23,84.2,47.7,48.2,,3,2,90,2,11.5,76.0,3.5,3,0,0,4,2,3,3.3,455,5.5
Tyler Huntley,46448,QB,MIA,3,73.3,60,66,9.5,2.7,2,1,1.4,59.1,39,0,25,11.4,82,5,22,17,85.1,62.3,57.5,71.6,1,1,91,2,28.0,73.9,8.5,7,7,0,3,1,5,5.5,377,5.7
Mac Jones,60323,QB,JAX,4,65.5,58,60,9.0,2.72,0,1,1.6,61.7,37,0,21,2.6,69,1,14,15,46.0,44.0,43.0,61.0,0,3,72,0,28.6,51.9,8.7,6,3,0,2,0,5,6.9,277,4.6
Malik Willis,60341,QB,GB,4,84.2,38,39,6.1,2.9,0,1,2.4,74.4,29,0,17,9.4,53,3,19,12,82.3,77.4,74.3,70.0,0,0,56,2,29.4,130.3,9.4,5,8,0,1,3,0,0.0,380,9.7
Skylar Thompson,60417,QB,MIA,2,74.2,31,33,7.6,2.78,0,0,0.0,63.6,21,0,17,8.7,40,2,8,17,20.3,39.7,41.8,55.3,1,0,41,0,35.3,78.7,15.0,6,1,0,1,0,3,7.3,187,5.7
Tommy DeVito,60545,QB,NYG,1,75.9,29,31,6.6,2.83,0,0,0.0,67.7,21,0,17,4.5,39,1,12,21,79.9,51.1,51.8,55.4,0,0,42,0,23.5,83.9,10.3,4,4,0,2,0,1,2.4,189,6.1
Jake Haener,60596,QB,NO,4,60.7,28,29,9.3,2.79,0,2,6.5,48.3,14,0,17,17.6,36,3,8,20,79.8,61.0,60.0,61.5,1,0,38,0,11.8,79.2,5.6,2,4,0,0,1,0,0.0,177,6.1
Brandon Allen,10835,QB,SF,1,73.1,26,29,7.5,2.8,0,0,0.0,58.6,17,0,12,10.5,32,2,8,28,20.2,48.0,49.3,54.4,0,1,32,0,16.7,76.7,6.3,2,1,0,3,1,3,9.4,199,6.9
Desmond Ridder,55086,QB,LV,2,77.3,22,26,5.5,2.6,1,1,3.7,61.5,16,0,17,5.9,34,1,7,23,27.2,39.8,41.6,54.6,1,0,35,0,35.3,88.3,17.6,6,2,0,2,1,2,5.7,138,5.3
Tim Boyle,21956,QB,NYG,2,62.5,24,26,7.5,2.37,0,0,0.0,57.7,15,0,7,0.0,29,0,8,21,77.6,57.5,56.3,62.1,0,0,31,0,14.3,74.7,3.4,1,2,1,1,0,0,0.0,153,5.9
Marcus Mariota,9435,QB,WAS,2,84.0,25,26,9.9,3.34,0,3,10.0,73.1,19,0,7,9.5,29,2,14,32,80.1,81.2,87.0,53.9,0,0,33,0,14.3,121.2,3.4,1,2,0,1,2,0,0.0,203,7.8
Dorian Thompson-Robinson,83574,QB,CLV,2,60.0,20,25,5.6,2.45,1,0,0.0,44.0,11,0,9,8.3,27,1,3,8,27.0,32.2,26.7,88.5,1,2,30,1,11.1,19.1,3.7,1,0,0,3,0,3,10.0,82,3.3
Davis Mills,52269,QB,HST,2,66.7,12,13,8.0,2.29,1,0,0.0,53.8,7,0,3,12.5,14,1,4,13,73.2,63.2,62.7,,0,0,14,0,33.3,72.3,7.1,1,0,0,0,0,0,0.0,79,6.1
Drew Lock,39517,QB,NYG,2,50.0,8,9,8.6,2.55,1,0,0.0,44.4,4,0,3,0.0,11,0,1,21,18.7,27.5,25.4,65.9,0,0,11,0,33.3,51.6,9.1,1,1,0,0,0,2,18.2,9,1.0
Hendon Hooker,60593,QB,DET,3,77.8,9,9,5.6,2.82,0,0,0.0,66.7,6,0,5,14.3,11,1,3,11,74.1,74.1,72.8,63.8,0,0,11,0,20.0,86.3,9.1,1,1,0,0,0,0,0.0,62,6.9
Tyrod Taylor,6332,QB,NYJ,1,75.0,8,8,4.6,2.6,0,0,0.0,75.0,6,0,3,0.0,9,0,3,22,71.4,66.1,59.8,65.6,0,0,10,0,0.0,122.9,0.0,0,1,0,0,1,0,0.0,36,4.5
Trey Lance,91399,QB,DAL,1,66.7,6,6,7.3,2.99,0,0,0.0,66.7,4,0,4,0.0,8,0,1,9,73.1,55.1,49.2,65.0,0,1,8,0,50.0,32.6,25.0,2,0,0,0,0,1,12.5,21,3.5
Michael Penix Jr.,82134,QB,ATL,2,75.0,4,5,13.5,2.55,0,1,20.0,60.0,3,0,2,0.0,6,0,3,2,68.9,92.1,91.4,,0,0,6,0,50.0,83.8,16.7,1,0,0,1,0,0,0.0,38,7.6
Taysom Hill,12112,TE,NO,3,50.0,4,4,13.5,3.65,0,0,0.0,50.0,2,0,2,0.0,4,0,1,20,44.3,74.9,38.7,90.8,0,1,4,0,0.0,26.0,0.0,0,0,0,0,0,1,25.0,21,5.3
Kenny Pickett,60515,QB,PHI,2,50.0,2,3,5.5,2.6,0,0,0.0,33.3,1,0,4,0.0,4,0,0,24,71.3,54.0,44.6,65.0,1,0,4,0,25.0,42.4,25.0,1,0,0,0,0,0,0.0,5,1.7
Mitch Trubisky,11757,QB,BUF,2,66.7,3,3,6.0,1.87,0,0,0.0,66.7,2,0,0,0.0,3,0,0,4,72.8,29.6,24.6,61.9,0,0,3,0,,70.1,0.0,0,0,0,0,0,1,33.3,5,1.7
Johnny Hekker,7252,P,CAR,2,0.0,2,2,10.5,2.15,0,0,0.0,0.0,0,0,0,,2,0,0,5,63.6,47.9,50.7,,0,0,2,0,,39.6,0.0,0,0,0,0,0,0,0.0,0,0.0
Taylor Heinicke,9896,QB,LAC,1,100.0,2,2,7.5,2.64,0,0,0.0,100.0,2,0,3,0.0,5,0,1,27,68.0,66.0,65.2,,0,0,5,0,100.0,116.7,60.0,3,0,0,0,0,0,0.0,24,12.0
Courtland Sutton,48164,WR,DEN,2,100.0,2,2,9.0,2.9,0,0,0.0,100.0,2,0,1,0.0,2,0,2,10,42.7,72.8,78.4,,0,0,2,1,0.0,158.3,0.0,0,0,0,0,1,0,0.0,30,15.0
Nick Mullens,12282,QB,MIN,2,100.0,2,2,12.0,2.15,0,0,0.0,100.0,2,0,1,0.0,2,0,2,18,66.1,76.9,75.5,60.0,0,0,2,0,0.0,118.8,0.0,0,0,0,0,0,0,0.0,38,19.0
Bryan Anger,7072,P,DAL,2,50.0,2,2,6.5,1.95,0,0,0.0,50.0,1,0,0,0.0,2,0,0,9,63.6,44.6,44.8,,0,0,2,0,,56.3,0.0,0,0,0,0,0,1,50.0,4,2.0
Malik Nabers,146759,WR,NYG,1,,0,1,,4.3,0,0,0.0,0.0,0,0,1,,1,0,0,21,48.8,79.3,60.0,50.7,0,0,1,2,0.0,39.6,0.0,0,0,0,1,0,0,0.0,0,0.0
Josh Johnson,4474,QB,BLT,1,100.0,1,1,0.0,2.8,0,0,0.0,100.0,1,0,1,0.0,1,0,0,3,68.2,52.0,60.4,55.6,0,0,1,0,0.0,79.2,0.0,0,0,0,0,0,0,0.0,1,1.0
Stefon Diggs,9579,WR,HST,2,100.0,1,1,-4.0,4.15,0,0,0.0,100.0,1,0,0,0.0,2,0,2,13,79.7,79.0,60.4,64.9,0,0,2,2,,118.8,0.0,0,1,0,0,0,0,0.0,13,13.0
Tyler Boyd,10689,WR,TEN,1,0.0,1,1,25.0,3.2,0,0,0.0,0.0,0,0,0,,1,0,0,31,76.9,59.5,51.2,,0,0,1,0,,39.6,0.0,0,0,0,0,0,0,0.0,0,0.0
Miles Killebrew,10745,S,PIT,1,100.0,1,1,17.0,1.1,0,0,0.0,0.0,0,0,0,100.0,1,1,0,25,60.4,73.1,68.8,,0,0,1,0,,39.6,0.0,0,0,0,0,0,0,0.0,0,0.0
Riley Dixon,10862,P,DEN,1,100.0,1,1,-4.0,0.9,0,0,0.0,100.0,1,0,0,0.0,1,0,0,10,60.4,61.3,60.4,,0,0,1,0,,79.2,0.0,0,0,0,0,0,0,0.0,3,3.0
Joe Mixon,11803,HB,HST,1,0.0,1,1,18.0,2.8,0,0,0.0,0.0,0,0,0,,1,0,0,13,90.7,74.9,54.9,73.8,0,0,1,2,,39.6,0.0,0,0,0,0,0,0,0.0,0,0.0
Kendrick Bourne,12270,WR,NE,1,0.0,1,1,0.0,3.2,0,0,0.0,0.0,0,0,0,,1,0,0,19,73.9,59.4,57.7,,0,0,1,1,,39.6,0.0,0,0,0,0,0,0,0.0,0,0.0
Kyle Allen,26152,QB,PIT,1,100.0,1,1,13.0,2.2,0,0,0.0,100.0,1,0,0,0.0,1,0,1,25,60.4,73.2,71.6,,0,0,1,0,,118.8,0.0,0,0,0,0,0,0,0.0,19,19.0
Jack Fox,34735,P,DET,1,100.0,1,1,15.0,2.0,0,0,0.0,100.0,1,0,0,0.0,1,0,1,11,60.4,72.6,68.8,,0,0,1,0,,118.8,0.0,0,0,0,0,0,0,0.0,17,17.0
AJ Cole,36038,P,LV,1,100.0,1,1,4.0,2.2,0,0,0.0,100.0,1,0,0,0.0,1,0,1,23,60.4,70.3,66.9,,0,0,1,0,,118.8,0.0,0,0,0,0,0,0,0.0,34,34.0
David Montgomery,45719,HB,DET,1,100.0,1,1,11.0,2.7,0,0,0.0,100.0,1,0,0,0.0,1,0,1,11,59.0,84.2,69.5,80.2,0,0,1,1,,118.8,0.0,0,0,0,0,1,0,0.0,3,3.0
Darnell Mooney,48236,WR,ATL,1,,0,1,,4.2,0,0,0.0,0.0,0,0,1,,1,0,0,2,79.3,74.3,60.0,,0,0,1,2,0.0,39.6,0.0,0,0,0,1,0,0,0.0,0,0.0
DJ Moore,48267,WR,CHI,1,0.0,1,1,36.0,3.2,0,0,0.0,0.0,0,0,0,,1,0,0,6,81.5,68.8,59.7,70.5,0,0,1,2,,39.6,0.0,0,0,0,0,0,0,0.0,0,0.0
Justin Jefferson,61398,WR,MIN,2,100.0,1,1,-4.0,5.85,0,0,0.0,100.0,1,1,1,0.0,2,0,1,18,45.5,84.6,60.3,58.3,0,0,2,2,0.0,118.8,0.0,0,1,0,0,0,0,0.0,22,22.0
Tutu Atwell,77965,WR,LA,1,0.0,1,1,35.0,3.4,0,0,0.0,0.0,0,0,0,,1,0,0,26,77.2,73.2,59.7,51.7,0,0,1,1,,39.6,0.0,0,0,0,0,0,0,0.0,0,0.0
Amon-Ra St. Brown,84470,WR,DET,1,100.0,1,1,5.0,3.9,0,0,0.0,100.0,1,1,0,0.0,1,0,1,11,82.3,87.9,60.5,56.6,0,0,1,2,,135.4,0.0,0,0,0,0,1,0,0.0,7,7.0
Jaxon Smith-Njigba,129758,WR,SEA,1,100.0,1,1,33.0,3.8,0,0,0.0,100.0,1,0,1,0.0,1,0,1,29,48.9,78.2,59.7,62.8,0,0,1,1,0.0,118.8,0.0,0,0,0,0,0,0,0.0,35,35.0
Adonai Mitchell,146712,WR,IND,1,100.0,1,1,-6.0,3.5,0,0,0.0,100.0,1,0,0,0.0,1,0,1,14,26.0,62.0,60.0,55.4,0,0,1,1,,118.8,0.0,0,0,0,0,0,0,0.0,24,24.0
