player,player_id,position,team_name,player_game_count,avg_depth_of_target,avoided_tackles,caught_percent,contested_catch_rate,contested_receptions,contested_targets,declined_penalties,drop_rate,drops,first_downs,franchise_id,fumbles,grades_hands_drop,grades_hands_fumble,grades_offense,grades_pass_block,grades_pass_route,inline_rate,inline_snaps,interceptions,longest,pass_block_rate,pass_blocks,pass_plays,penalties,receptions,route_rate,routes,slot_rate,slot_snaps,targeted_qb_rating,targets,touchdowns,wide_rate,wide_snaps,yards,yards_after_catch,yards_after_catch_per_reception,yards_per_reception,yprr
CeeDee Lamb,61570,WR,DAL,11,8.4,12,68.8,55.6,15,27,0,7.2,6,38,9,1,68.1,56.5,75.7,67.1,77.6,0.2,1,5,65,0.2,1,449,6,77,91.3,410,52.6,236,84.0,112,4,45.4,204,841,357,4.6,10.9,2.05
Garrett Wilson,97405,WR,NYJ,11,9.3,15,65.1,54.2,13,24,0,4.2,3,40,22,1,80.5,47.7,79.8,,80.3,0.0,0,4,35,0.0,0,441,4,69,94.8,418,33.1,146,84.7,106,5,66.2,292,722,286,4.1,10.5,1.73
Malik Nabers,146759,WR,NYG,9,10.5,6,67.0,50.0,12,24,0,6.9,5,37,21,1,67.4,48.8,79.3,,80.2,0.0,0,0,39,0.0,0,364,2,67,92.6,337,23.4,85,95.9,100,3,76.1,277,671,215,3.2,10.0,1.99
Ja'Marr Chase,84270,WR,CIN,11,9.8,13,75.3,40.0,6,15,0,6.4,5,47,7,0,59.3,81.7,81.6,,81.0,0.0,0,4,70,0.0,0,468,1,73,94.2,441,34.8,163,132.6,97,12,63.0,295,1056,489,6.7,14.5,2.39
Brock Bowers,146715,TE,LV,11,5.8,4,77.9,47.1,8,17,0,2.6,2,38,23,0,88.6,82.0,83.1,44.0,85.2,24.7,103,4,57,6.0,25,417,0,74,88.2,368,55.4,231,92.3,95,3,18.2,76,744,402,5.4,10.1,2.02
Courtland Sutton,48164,WR,DEN,12,13.0,1,61.3,54.5,12,22,0,9.5,6,38,10,1,50.6,42.7,72.8,62.4,74.2,0.0,0,4,37,0.2,1,435,1,57,94.0,409,17.2,75,86.5,93,5,82.5,359,744,133,2.3,13.1,1.82
Justin Jefferson,61398,WR,MIN,11,12.6,6,67.0,52.6,10,19,1,4.7,3,41,18,1,77.5,45.5,84.6,,85.2,0.0,0,5,97,0.0,0,406,2,61,91.1,370,29.3,119,96.4,91,5,69.7,283,939,253,4.1,15.4,2.54
Jaxon Smith-Njigba,129758,WR,SEA,11,9.4,10,73.3,46.7,7,15,0,2.9,2,38,29,1,87.0,48.9,78.2,,80.3,0.0,0,4,46,0.0,0,465,1,66,91.8,427,85.8,399,94.4,90,4,14.2,66,755,341,5.2,11.4,1.77
Drake London,86519,WR,ATL,11,10.4,8,69.3,62.5,15,24,0,3.2,2,39,2,0,83.9,80.6,82.2,72.7,83.0,0.3,1,4,31,1.3,5,383,4,61,91.6,351,39.9,153,97.3,88,6,59.8,229,710,173,2.8,11.6,2.02
Travis Kelce,7844,TE,KC,11,7.2,2,78.2,60.0,9,15,0,2.9,2,31,16,2,86.1,46.8,70.3,83.8,69.0,32.4,137,4,38,4.3,18,423,1,68,90.3,382,39.2,166,82.4,87,2,27.0,114,569,235,3.5,8.4,1.49
Wan'Dale Robinson,101735,WR,NYG,11,4.6,10,72.6,64.3,9,14,0,4.7,3,23,21,0,71.1,80.7,62.1,,62.7,0.0,0,1,23,0.0,0,392,2,61,93.6,367,80.4,315,87.5,84,2,18.6,73,441,235,3.9,7.2,1.2
Amon-Ra St. Brown,84470,WR,DET,11,7.8,8,84.5,70.0,14,20,1,1.4,1,47,11,0,90.4,82.3,87.9,62.3,89.5,0.0,0,1,35,0.3,1,338,2,71,96.2,325,51.5,174,134.5,84,9,48.2,163,747,246,3.5,10.5,2.3
Zay Flowers,97268,WR,BLT,12,9.8,14,68.7,53.8,7,13,0,5.0,3,36,3,0,70.2,81.9,80.1,,81.7,0.0,0,0,53,0.0,0,383,2,57,92.7,355,38.4,147,115.0,83,4,61.4,235,789,394,6.9,13.8,2.22
George Pickens,99229,WR,PIT,11,14.1,9,63.4,39.1,9,23,0,11.9,7,32,25,1,48.6,40.7,81.1,,81.5,0.0,0,1,44,0.0,0,344,2,52,93.0,320,26.7,92,97.4,82,2,73.3,252,776,173,3.3,14.9,2.43
DJ Moore,48267,WR,CHI,11,8.1,8,70.1,60.0,9,15,0,1.8,1,25,6,0,76.3,81.5,68.8,,68.1,0.0,0,2,44,0.0,0,480,2,54,91.7,440,25.2,121,97.6,77,4,73.8,354,566,316,5.9,10.5,1.29
Cooper Kupp,11824,WR,LA,7,7.3,7,72.4,45.5,5,11,0,1.8,1,21,26,1,87.9,41.9,74.8,65.3,74.7,0.0,0,0,69,0.4,1,260,0,55,93.1,242,68.5,178,114.4,76,5,31.5,82,548,234,4.3,10.0,2.26
Trey McBride,75916,TE,ARZ,10,7.5,11,80.3,63.6,7,11,0,0.0,0,35,1,0,90.8,80.5,84.9,68.3,88.1,42.0,131,0,37,1.9,6,312,2,61,92.9,290,50.6,158,104.2,76,0,7.4,23,685,285,4.7,11.2,2.36
Calvin Ridley,48262,WR,TEN,11,16.7,2,53.9,56.3,9,16,1,12.8,6,26,31,0,44.0,33.6,69.2,,70.4,0.0,0,3,63,0.0,0,374,2,41,94.4,353,22.7,85,78.5,76,3,77.0,288,634,143,3.5,15.5,1.8
Darnell Mooney,48236,WR,ATL,11,12.6,7,63.2,33.3,7,21,0,9.4,5,34,2,0,56.6,79.3,74.3,,75.0,0.0,0,1,41,0.0,0,397,2,48,92.7,368,40.3,160,110.1,76,5,57.4,228,711,200,4.2,14.8,1.93
D.K. Metcalf,47864,WR,SEA,9,14.4,4,61.3,34.5,10,29,1,6.1,3,24,29,2,72.0,24.4,73.4,,74.2,0.5,2,1,71,0.0,0,389,5,46,91.8,357,14.9,58,99.7,75,3,84.6,329,697,206,4.5,15.2,1.95
Jerry Jeudy,61103,WR,CLV,11,13.1,3,60.0,33.3,4,12,0,8.2,4,31,8,0,62.4,79.1,69.8,,70.5,0.2,1,1,89,0.0,0,484,5,45,93.4,452,34.9,169,91.3,75,2,64.3,311,645,157,3.5,14.3,1.43
Terry McLaurin,48229,WR,WAS,12,14.9,3,71.6,73.1,19,26,0,3.6,2,37,32,0,80.4,39.5,79.1,,82.6,0.0,0,1,86,0.0,0,383,0,53,94.0,360,16.7,64,134.0,74,7,83.3,319,823,229,4.3,15.5,2.29
Josh Downs,122832,WR,IND,10,7.3,5,71.6,44.4,4,9,0,3.6,2,31,14,0,81.2,85.3,87.8,,88.1,0.0,0,3,69,0.0,0,265,2,53,95.1,252,84.5,224,96.3,74,4,14.3,38,594,255,4.8,11.2,2.36
Tyreek Hill,10799,WR,MIA,11,11.8,8,67.1,40.0,6,15,1,2.0,1,30,17,0,86.2,80.6,70.9,,72.9,0.0,0,0,80,0.0,0,353,4,49,94.6,334,37.1,131,104.3,73,3,61.8,218,571,206,4.2,11.7,1.71
Jakobi Meyers,47468,WR,LV,9,8.9,3,73.6,77.8,7,9,0,0.0,0,32,23,0,90.6,80.3,74.7,66.3,76.0,0.0,0,2,33,0.3,1,382,2,53,93.2,356,35.1,134,94.6,72,2,64.7,247,579,178,3.4,10.9,1.63
Alvin Kamara,11822,HB,NO,11,0.2,5,77.5,50.0,1,2,0,8.3,5,14,20,1,60.6,81.5,73.8,41.0,63.4,0.0,0,0,57,12.2,36,294,0,55,82.3,242,15.6,46,97.3,71,1,4.4,13,443,469,8.5,8.1,1.83
Davante Adams,8688,WR,NYJ,8,8.7,5,62.9,50.0,8,16,0,10.2,5,22,22,0,53.4,78.8,64.8,,66.0,0.0,0,1,37,0.0,0,309,0,44,94.5,292,42.1,130,87.0,70,2,57.9,179,487,185,4.2,11.1,1.67
Cade Otton,61071,TE,TB,11,5.8,10,71.4,57.1,8,14,0,10.7,6,26,30,2,51.4,24.4,61.8,53.1,61.0,50.1,219,1,30,9.8,43,437,2,50,85.6,374,33.2,145,103.6,70,4,16.7,73,486,237,4.7,9.7,1.3
Keenan Allen,7857,WR,CHI,9,9.9,2,57.4,57.1,8,14,0,9.3,4,22,6,1,59.0,29.9,60.4,67.5,62.1,0.0,0,0,40,0.8,3,353,2,39,91.2,322,54.1,191,87.1,68,3,45.3,160,368,126,3.2,9.4,1.14
Ladd McConkey,124030,WR,LAC,11,10.8,8,72.1,57.1,8,14,0,5.8,3,35,27,1,72.5,48.4,80.2,,80.9,0.6,2,1,60,0.0,0,340,1,49,93.5,318,71.8,244,118.4,68,4,27.4,93,698,231,4.7,14.2,2.19
Hunter Henry,10669,TE,NE,12,8.5,1,75.0,50.0,8,16,1,1.9,1,30,19,0,87.7,79.7,69.2,60.4,73.5,39.1,169,0,35,5.1,22,432,3,51,87.7,379,53.5,231,102.3,68,1,5.6,24,535,214,4.2,10.5,1.41
Michael Pittman Jr.,29049,WR,IND,11,12.1,4,60.3,52.6,10,19,0,6.8,3,21,14,0,66.2,78.1,71.0,66.1,70.7,0.3,1,3,33,0.3,1,342,2,41,94.4,323,24.0,82,74.9,68,2,75.7,259,508,160,3.9,12.4,1.57
Tank Dell,78874,WR,HST,11,11.7,4,61.8,41.7,5,12,0,10.6,5,26,13,0,53.7,80.7,69.0,,70.4,0.0,0,3,50,0.0,0,383,1,42,95.3,365,26.6,102,76.8,68,2,73.1,280,520,150,3.6,12.4,1.42
Zach Ertz,7816,TE,WAS,12,8.1,0,74.2,50.0,6,12,0,5.8,3,27,32,1,73.0,38.1,62.9,59.0,67.9,29.1,111,1,24,2.4,9,381,4,49,91.9,350,57.2,218,102.2,66,3,11.8,45,466,119,2.4,9.5,1.33
Rome Odunze,73774,WR,CHI,11,13.9,4,59.1,70.0,7,10,0,7.1,3,25,6,1,65.0,30.1,63.8,62.3,64.2,0.0,0,1,47,0.2,1,446,1,39,92.2,411,35.0,156,82.8,66,1,64.8,289,518,188,4.8,13.3,1.26
Jauan Jennings,48027,WR,SF,9,10.1,11,73.4,63.2,12,19,0,4.1,2,31,28,0,77.3,78.9,84.8,62.4,85.0,0.0,0,0,45,0.4,1,270,3,47,93.3,252,45.6,123,125.0,64,4,54.4,147,628,152,3.2,13.4,2.49
Khalil Shakir,84140,WR,BUF,10,4.0,16,87.5,60.0,3,5,0,0.0,0,26,4,0,88.7,80.2,79.6,61.6,80.5,0.4,1,1,52,0.4,1,281,1,56,91.1,256,75.8,213,109.6,64,2,22.8,64,599,462,8.3,10.7,2.34
Marvin Harrison Jr.,145056,WR,ARZ,11,14.6,1,56.3,50.0,12,24,0,2.7,1,27,1,1,72.6,29.1,78.4,,78.4,0.0,0,1,60,0.0,0,318,0,36,95.6,304,27.0,86,109.2,64,6,73.0,232,546,91,2.5,15.2,1.8
Demario Douglas,104155,WR,NE,12,6.1,9,76.2,33.3,1,3,0,2.0,1,23,19,0,86.9,79.6,71.5,67.4,70.8,0.0,0,2,35,0.3,1,337,1,48,93.2,314,80.7,272,89.2,63,1,18.7,63,477,306,6.4,9.9,1.52
Diontae Johnson,33441,WR,BLT,11,11.5,6,50.0,46.7,7,15,0,6.1,2,20,3,0,68.1,77.2,66.1,,66.4,0.0,0,5,39,0.0,0,244,1,31,94.7,231,20.5,50,50.7,62,3,79.5,194,363,93,3.0,11.7,1.57
Stefon Diggs,9579,WR,HST,8,8.3,3,75.8,50.0,3,6,0,4.1,2,31,13,0,85.8,79.7,79.0,,79.7,0.0,0,1,49,0.0,0,288,2,47,93.8,270,52.8,152,108.0,62,3,45.1,130,496,187,4.0,10.6,1.84
Brian Thomas Jr.,146760,WR,JAX,11,12.2,5,67.7,40.0,4,10,0,8.7,4,30,15,0,61.1,79.4,79.6,,81.1,0.0,0,2,85,0.0,0,317,2,42,95.6,303,25.6,81,118.3,62,5,74.4,236,689,274,6.5,16.4,2.27
Elijah Moore,84302,WR,CLV,11,9.0,4,67.7,66.7,8,12,0,8.7,4,14,8,0,59.1,79.0,56.4,65.8,56.7,0.0,0,5,30,0.3,1,398,1,42,93.7,373,63.6,253,52.9,62,1,35.2,140,336,85,2.0,8.0,0.9
Jonnu Smith,11855,TE,MIA,11,5.6,8,78.7,66.7,6,9,2,5.9,3,33,17,0,63.2,79.4,77.8,68.0,83.3,20.9,60,1,57,8.0,23,287,3,48,88.9,255,52.3,150,118.2,61,4,23.0,66,535,313,6.5,11.1,2.1
Nico Collins,61441,WR,HST,7,12.2,7,68.3,57.1,4,7,0,4.7,2,32,13,0,75.8,78.5,92.4,62.4,92.5,0.0,0,3,67,0.4,1,229,2,41,93.9,215,20.1,46,109.9,60,4,79.5,182,713,254,6.2,17.4,3.32
Amari Cooper,9437,WR,BUF,9,12.3,4,51.7,58.3,7,12,0,18.4,7,17,4,0,29.5,76.8,66.6,,66.9,0.0,0,2,30,0.0,0,315,3,31,93.0,293,20.0,63,73.9,60,3,80.0,252,374,90,2.9,12.1,1.28
Chris Godwin,11839,WR,TB,7,5.6,9,83.3,50.0,4,8,0,0.0,0,32,30,1,90.5,38.3,86.3,71.5,85.7,0.0,0,1,55,2.6,7,265,0,50,92.1,244,61.9,164,127.5,60,5,38.1,101,576,347,6.9,11.5,2.36
Breece Hall,97636,HB,NYJ,11,0.8,10,78.0,33.3,1,3,0,9.8,5,12,22,1,56.0,38.5,59.1,54.8,54.1,1.7,6,0,57,18.9,67,354,2,46,77.4,274,3.7,13,106.3,59,2,10.2,36,401,381,8.3,8.7,1.46
George Kittle,11901,TE,SF,9,9.0,4,84.5,75.0,9,12,0,2.0,1,31,28,0,86.2,79.2,90.8,52.4,91.6,57.4,179,2,43,12.8,40,312,2,49,83.0,259,29.8,93,138.0,58,8,10.6,33,642,256,5.2,13.1,2.48
Dalton Schultz,47304,TE,HST,12,8.6,6,63.2,40.0,4,10,0,0.0,0,17,13,0,90.0,77.6,60.9,52.2,61.1,57.4,256,1,32,11.9,53,446,2,36,83.2,371,27.6,123,73.9,57,0,10.5,47,363,131,3.6,10.1,0.98
Tee Higgins,61211,WR,CIN,6,12.0,9,67.9,40.0,8,20,0,0.0,0,27,7,0,90.0,77.7,90.3,,90.1,0.0,0,0,42,0.0,0,226,1,38,95.1,215,23.5,53,118.8,56,4,76.5,173,489,148,3.9,12.9,2.27
Deebo Samuel,48274,WR,SF,10,8.3,8,60.7,40.0,4,10,1,10.5,4,21,28,0,54.4,83.3,72.4,,74.6,0.7,2,1,76,0.0,0,286,3,34,96.2,275,35.0,100,89.2,56,1,57.7,165,511,279,8.2,15.0,1.86
Jaylen Waddle,84088,WR,MIA,11,9.4,2,73.2,66.7,2,3,0,10.9,5,27,17,0,50.7,78.6,69.7,,69.5,0.3,1,1,63,0.0,0,352,0,41,95.2,335,27.6,97,108.3,56,2,72.2,254,548,177,4.3,13.4,1.64
Dalton Kincaid,91791,TE,BUF,10,7.9,7,61.8,25.0,1,4,0,5.6,2,18,4,1,70.1,38.3,74.9,69.8,73.9,28.3,70,0,28,3.2,8,247,0,34,90.3,223,59.1,146,92.7,55,2,11.3,28,356,224,6.6,10.5,1.6
Tyler Lockett,9502,WR,SEA,11,11.8,4,69.1,55.6,5,9,0,5.0,2,30,29,0,73.2,77.9,70.2,,69.4,0.0,0,4,37,0.0,0,422,1,38,91.5,386,29.6,125,79.0,55,2,70.4,297,495,110,2.9,13.0,1.28
DeVonta Smith,61100,WR,PHI,9,11.1,7,74.5,38.5,5,13,0,6.8,3,25,24,0,66.3,78.1,77.3,,78.9,0.3,1,3,46,0.0,0,289,1,41,95.2,275,52.9,153,104.8,55,4,46.7,135,516,179,4.4,12.6,1.88
Jake Ferguson,61081,TE,DAL,9,4.7,9,78.2,57.1,4,7,1,2.3,1,15,9,3,83.5,20.0,57.0,34.9,59.6,29.6,88,0,27,3.7,11,297,5,43,89.9,267,58.9,175,94.6,55,0,9.4,28,369,246,5.7,8.6,1.38
A.J. Brown,48327,WR,PHI,8,13.9,11,70.9,64.3,9,14,0,0.0,0,33,24,0,90.0,77.9,91.1,,91.6,0.0,0,1,67,0.0,0,228,0,39,95.2,217,20.2,46,129.9,55,4,79.8,182,727,239,6.1,18.6,3.35
Jalen Tolbert,61637,WR,DAL,11,12.8,2,68.5,62.5,10,16,0,7.5,3,20,9,0,65.0,78.2,58.9,,60.0,0.0,0,2,48,0.0,0,464,2,37,92.5,429,29.1,135,100.1,54,4,70.9,329,410,86,2.3,11.1,0.96
Tre Tucker,101106,WR,LV,11,9.8,4,66.0,50.0,4,8,0,2.8,1,18,23,0,80.8,81.7,58.2,66.2,59.0,0.0,0,1,54,0.2,1,444,1,35,93.7,416,25.7,114,84.4,53,1,74.3,330,367,171,4.9,10.5,0.88
De'Von Achane,124305,HB,MIA,11,-0.7,9,92.5,50.0,1,2,1,0.0,0,19,17,0,90.5,90.2,81.9,39.6,82.2,0.0,0,0,39,4.8,12,252,1,49,89.7,226,26.2,66,127.4,53,5,11.9,30,373,431,8.8,7.6,1.65
Darius Slayton,25578,WR,NYG,10,12.8,3,61.5,68.8,11,16,0,15.8,6,25,21,0,29.9,78.2,65.2,70.3,65.6,0.0,0,1,43,0.5,2,372,4,32,92.7,345,21.5,80,89.3,52,1,78.5,292,469,95,3.0,14.7,1.36
Jayden Reed,78171,WR,GB,11,8.3,6,78.8,77.8,7,9,0,14.6,7,22,12,0,36.9,59.1,72.6,66.2,71.2,0.7,2,0,70,0.4,1,284,0,41,93.3,265,79.9,227,144.4,52,4,15.8,45,669,312,7.6,16.3,2.52
Puka Nacua,100632,WR,LA,6,10.2,5,71.2,20.0,2,10,0,5.1,2,25,26,0,64.3,78.4,87.7,75.5,89.4,3.0,5,1,37,1.8,3,167,2,37,92.2,154,22.8,38,99.0,52,1,73.7,123,490,230,6.2,13.2,3.18
Romeo Doubs,84329,WR,GB,10,12.4,3,65.4,66.7,10,15,0,12.8,5,25,12,0,44.3,77.1,65.3,,67.6,0.0,0,2,39,0.0,0,299,3,34,93.6,280,13.7,41,92.1,52,2,86.3,258,483,98,2.9,14.2,1.73
Ray-Ray McCloud III,47895,WR,ATL,11,7.0,7,78.8,33.3,3,9,0,0.0,0,18,2,3,90.2,22.5,59.4,80.9,59.3,0.0,0,2,22,2.2,9,406,3,41,90.6,368,44.8,182,87.6,52,1,54.9,223,381,175,4.3,9.3,1.04
David Njoku,11784,TE,CLV,8,4.9,3,76.9,69.2,9,13,0,7.0,3,15,8,0,59.9,78.4,64.0,75.8,64.8,54.2,155,0,29,2.8,8,286,2,40,90.9,260,31.5,90,106.7,52,2,14.0,40,345,184,4.6,8.6,1.33
Xavier Worthy,144718,WR,KC,11,12.0,2,54.9,30.0,3,10,0,9.7,3,20,16,0,57.4,78.3,60.2,,58.2,0.0,0,2,54,0.0,0,355,1,28,94.4,335,33.8,120,86.5,51,4,64.8,230,353,192,6.9,12.6,1.05
Rashod Bateman,84296,WR,BLT,12,15.4,4,68.6,25.0,1,4,2,10.3,4,26,3,0,53.6,77.3,66.9,,68.3,0.0,0,1,59,0.0,0,366,3,35,92.9,340,7.9,29,130.7,51,5,92.1,337,574,133,3.8,16.4,1.69
Noah Brown,11993,WR,WAS,10,12.0,2,64.0,46.2,6,13,0,5.9,2,20,32,0,69.5,77.0,70.1,,69.9,0.0,0,1,52,0.0,0,273,0,32,94.9,259,19.0,52,89.3,50,1,81.0,221,426,83,2.6,13.3,1.64
Will Dissly,30762,TE,LAC,11,5.1,6,82.0,57.1,4,7,0,6.8,3,18,27,0,66.2,78.1,71.7,70.4,73.5,52.2,130,0,29,9.2,23,249,3,41,83.5,208,29.7,74,106.6,50,1,16.9,42,399,238,5.8,9.7,1.92
Kyle Pitts,83964,TE,ATL,11,8.8,7,70.0,27.3,3,11,0,2.8,1,16,2,0,81.3,78.1,63.7,31.2,70.2,37.8,133,2,52,5.7,20,352,3,35,87.5,308,39.8,140,104.9,50,3,22.4,79,494,230,6.6,14.1,1.6
Evan Engram,11778,TE,JAX,7,6.5,5,73.5,33.3,2,6,0,2.7,1,14,15,1,81.3,29.1,74.6,81.2,71.9,40.3,77,0,24,4.7,9,191,0,36,91.1,174,39.3,75,94.9,49,1,19.9,38,291,113,3.1,8.1,1.67
Bijan Robinson,123126,HB,ATL,11,-1.3,17,91.8,66.7,2,3,0,2.2,1,17,2,0,85.8,90.6,91.6,56.0,90.2,0.0,0,0,29,20.1,67,333,2,45,73.9,246,6.0,20,104.0,49,1,4.5,15,359,437,9.7,8.0,1.46
Xavier Legette,99197,WR,CAR,11,11.8,4,68.8,76.9,10,13,0,13.2,5,19,5,0,43.0,79.4,61.8,46.2,61.8,0.0,0,1,35,0.7,2,295,0,33,93.9,277,33.6,99,108.0,48,4,66.4,196,340,69,2.1,10.3,1.23
Michael Wilson,84423,WR,ARZ,11,11.5,2,66.7,61.5,8,13,1,5.9,2,18,1,1,70.1,28.2,65.3,66.2,67.0,0.0,0,1,34,0.3,1,317,2,32,95.0,301,29.7,94,101.1,48,3,70.3,223,361,77,2.4,11.3,1.2
DeAndre Hopkins,7808,WR,KC,11,10.6,2,77.1,58.3,7,12,1,2.6,1,26,16,0,80.8,77.6,78.1,,77.6,0.0,0,2,35,0.0,0,246,1,37,91.9,226,26.0,64,112.2,48,4,74.0,182,408,60,1.6,11.0,1.81
Mike Evans,8642,WR,TB,8,12.7,1,64.6,42.9,3,7,0,8.8,3,24,30,0,58.8,76.6,76.9,,75.0,0.0,0,3,26,0.0,0,231,0,31,93.9,217,30.7,71,104.4,48,6,69.3,160,403,88,2.8,13.0,1.86
Mike Gesicki,47153,TE,CIN,11,9.4,3,72.3,50.0,7,14,0,2.9,1,21,7,1,70.1,28.5,67.3,61.4,67.3,10.2,29,0,47,1.8,5,284,0,34,93.3,265,65.8,187,110.5,47,2,23.6,67,383,134,3.9,11.3,1.45
Alec Pierce,78038,WR,IND,12,22.9,0,57.4,54.5,6,11,0,10.0,3,23,14,0,48.9,76.5,73.0,68.1,74.2,0.0,0,3,65,0.3,1,362,1,27,93.1,337,17.4,63,103.8,47,4,82.6,299,629,93,3.4,23.3,1.87
Jordan Addison,123000,WR,MIN,9,14.8,4,68.1,62.5,5,8,0,8.6,3,22,18,0,61.9,78.0,70.9,67.4,72.8,0.0,0,2,69,0.3,1,306,3,32,89.5,274,32.0,98,115.6,47,4,67.3,206,521,122,3.8,16.3,1.9
Christian Kirk,47546,WR,JAX,8,13.7,2,57.4,30.0,3,10,0,10.0,3,18,15,0,56.1,76.1,67.9,,68.2,0.0,0,2,61,0.0,0,230,0,27,95.7,220,81.7,188,72.9,47,1,18.3,42,379,114,4.2,14.0,1.72
Jameson Williams,101701,WR,DET,9,14.3,2,61.7,28.6,2,7,0,6.5,2,23,11,0,68.1,78.1,74.4,,75.0,0.0,0,2,70,0.0,0,273,1,29,96.7,264,32.6,89,116.2,47,4,67.4,184,602,291,10.0,20.8,2.28
Cole Kmet,60995,TE,CHI,11,7.5,3,83.0,85.7,6,7,0,2.5,1,21,6,0,83.0,78.3,67.8,66.8,67.0,36.9,149,1,31,11.1,45,404,2,39,81.2,328,50.5,204,116.5,47,3,9.7,39,422,168,4.3,10.8,1.29
Demarcus Robinson,10760,WR,LA,11,16.7,1,55.3,55.6,5,9,0,0.0,0,22,26,0,86.5,75.9,68.9,,69.9,0.0,0,3,42,0.0,0,384,0,26,93.8,360,34.6,133,95.2,47,6,65.4,251,384,39,1.5,14.8,1.07
Javonte Williams,77803,HB,DEN,12,-0.1,7,82.2,50.0,1,2,0,7.5,3,10,10,0,65.0,56.3,62.6,64.4,69.0,0.7,2,0,34,27.5,80,291,1,37,67.7,197,0.3,1,90.4,45,0,2.1,6,256,285,7.7,6.9,1.3
Brandon Aiyuk,84109,WR,SF,7,12.5,3,55.6,57.1,4,7,1,10.7,3,19,28,0,55.1,75.9,74.6,,74.1,0.0,0,2,53,0.0,0,225,1,25,95.6,215,19.6,44,64.5,45,0,80.4,181,374,104,4.2,15.0,1.74
Cedric Tillman,84434,WR,CLV,11,12.3,9,64.4,71.4,5,7,2,6.5,2,15,8,1,68.1,27.8,63.6,70.7,65.8,0.0,0,1,38,1.7,5,302,2,29,92.1,278,27.2,82,100.1,45,3,72.2,218,339,111,3.8,11.7,1.22
Dontayvion Wicks,99711,WR,GB,11,14.2,6,37.8,0.0,0,9,0,26.1,6,13,12,0,27.8,73.6,57.3,,57.5,0.5,1,2,36,0.0,0,188,1,17,93.6,176,34.6,65,64.8,45,4,64.9,122,217,75,4.4,12.8,1.23
Mark Andrews,47436,TE,BLT,12,9.6,3,84.1,100.0,4,4,0,2.6,1,26,3,0,81.3,78.3,81.1,53.5,82.3,21.4,62,1,38,6.6,19,290,1,37,86.2,250,58.3,169,136.8,44,6,19.7,57,423,126,3.4,11.4,1.69
Tutu Atwell,77965,WR,LA,11,12.8,0,68.2,0.0,0,4,0,6.3,2,21,26,0,67.3,77.2,73.2,,74.7,0.0,0,2,50,0.0,0,188,1,30,93.1,175,36.2,68,80.0,44,0,63.8,120,423,101,3.4,14.1,2.42
Allen Lazard,48135,WR,NYJ,7,10.9,3,69.8,66.7,8,12,2,16.7,6,23,22,0,31.4,76.5,67.9,36.3,69.2,1.9,5,1,52,0.4,1,267,4,30,95.5,255,46.1,123,129.2,43,5,52.1,139,412,122,4.1,13.7,1.62
Chris Olave,84355,WR,NO,8,10.6,0,74.4,66.7,6,9,0,3.0,1,22,20,1,80.4,28.6,82.4,39.9,83.0,0.0,0,2,39,0.5,1,202,0,32,93.1,188,28.2,57,91.2,43,1,70.8,143,400,118,3.7,12.5,2.13
Tony Pollard,27126,HB,TEN,11,-0.2,4,76.7,100.0,3,3,1,10.8,4,7,31,0,46.2,90.7,73.3,69.0,58.4,0.3,1,0,22,19.4,58,299,2,33,76.9,230,7.0,21,83.3,43,0,6.0,18,178,178,5.4,5.4,0.77
Chase Brown,77787,HB,CIN,11,0.9,8,83.3,60.0,6,10,0,7.9,3,12,7,0,61.9,60.7,73.6,46.6,66.8,0.9,2,0,34,11.7,27,230,0,35,82.2,189,4.3,10,103.1,42,2,10.9,25,207,181,5.2,5.9,1.1
Gabe Davis,55410,WR,JAX,10,14.3,1,47.6,22.2,2,9,1,9.1,2,13,15,1,58.1,24.3,52.5,55.6,54.6,0.4,1,2,22,0.8,2,264,4,20,95.5,252,19.3,51,61.5,42,2,80.3,212,239,43,2.2,12.0,0.95
Quentin Johnston,123085,WR,LAC,9,14.6,6,52.4,27.3,3,11,0,12.0,3,14,27,0,49.1,76.2,61.9,,63.3,0.0,0,0,66,0.0,0,237,1,22,93.2,221,8.0,19,120.4,42,6,92.0,218,354,162,7.4,16.1,1.6
Rachaad White,131633,HB,TB,10,-1.9,11,92.7,80.0,4,5,0,0.0,0,14,30,0,90.0,68.4,73.9,68.5,79.0,0.0,0,0,32,19.5,51,262,0,38,76.7,201,9.2,24,129.8,41,4,3.4,9,301,393,10.3,7.9,1.5
Kenneth Walker III,97199,HB,SEA,9,-0.7,12,87.8,,0,0,1,0.0,0,18,29,0,89.7,90.1,90.1,39.7,74.3,0.8,2,1,21,12.3,30,244,2,36,80.3,196,6.1,15,92.5,41,1,17.6,43,274,305,8.5,7.6,1.4
Dallas Goedert,47272,TE,PHI,8,7.1,4,85.4,66.7,2,3,1,5.4,2,13,24,2,70.8,22.2,61.5,48.6,66.0,45.8,98,1,61,2.3,5,214,2,35,92.5,198,42.5,91,105.9,41,1,10.7,23,406,207,5.9,11.6,2.05
Devaughn Vele,100637,WR,DEN,8,8.1,2,80.0,75.0,9,12,0,3.0,1,18,10,0,79.4,77.1,75.7,,78.0,1.4,3,0,37,0.0,0,211,0,32,94.8,200,71.6,151,112.6,40,1,26.5,56,361,113,3.5,11.3,1.81
Lil'Jordan Humphrey,42247,WR,DEN,12,6.0,9,72.5,25.0,1,4,1,3.3,1,10,10,2,76.7,20.1,56.9,65.5,57.1,1.2,3,1,41,2.0,5,251,3,29,92.8,233,61.4,154,88.2,40,1,37.5,94,267,187,6.4,9.2,1.15
Tyler Conklin,47124,TE,NYJ,11,5.8,4,72.5,16.7,1,6,0,0.0,0,12,22,0,88.0,76.9,55.9,76.9,59.2,41.6,162,0,27,5.7,22,389,1,29,89.7,349,48.1,187,105.4,40,2,10.3,40,252,136,4.7,8.7,0.72
Adonai Mitchell,146712,WR,IND,12,14.2,1,50.0,0.0,0,2,0,9.1,2,13,14,1,59.2,26.0,62.0,,64.0,0.0,0,0,33,0.0,0,158,1,20,93.7,148,27.2,43,70.2,40,0,72.8,115,254,81,4.1,12.7,1.72
Rashid Shaheed,63707,WR,NO,6,18.1,0,50.0,0.0,0,7,0,0.0,0,12,20,0,83.6,82.6,69.7,,69.2,0.0,0,4,70,0.0,0,182,2,20,94.0,171,25.3,46,65.5,40,3,74.2,135,349,102,5.1,17.5,2.04
Tyler Boyd,10689,WR,TEN,11,6.4,3,72.5,57.1,4,7,0,3.3,1,14,31,0,76.7,76.9,59.5,39.1,60.9,0.0,0,2,30,1.3,4,309,0,29,91.6,283,81.6,252,70.1,40,0,18.4,57,273,137,4.7,9.4,0.96
Chuba Hubbard,57373,HB,CAR,11,-1.4,7,81.6,0.0,0,1,0,3.1,1,7,5,3,78.9,50.6,77.1,55.7,38.8,0.0,0,0,20,15.6,44,282,0,31,79.8,225,7.1,20,89.3,38,1,9.9,28,126,183,5.9,4.1,0.56
Theo Johnson,129787,TE,NYG,11,7.2,0,63.2,62.5,5,8,0,17.2,5,14,21,0,44.2,75.7,51.8,74.5,51.6,44.9,186,2,35,14.0,58,414,4,24,80.0,331,45.2,187,71.9,38,1,7.5,31,277,131,5.5,11.5,0.84
Pat Freiermuth,84085,TE,PIT,11,5.5,6,92.1,66.7,2,3,0,2.8,1,19,25,1,80.4,77.4,67.2,36.8,73.6,31.2,98,0,30,4.1,13,314,1,35,90.4,284,48.4,152,131.8,38,3,20.1,63,354,177,5.1,10.1,1.25
Austin Hooper,10715,TE,NE,12,6.8,6,71.1,40.0,2,5,0,0.0,0,15,19,1,86.9,26.7,71.8,66.6,71.7,61.8,136,1,38,7.3,16,220,0,27,86.8,191,23.6,52,100.2,38,2,14.5,32,295,155,5.7,10.9,1.54
Austin Ekeler,12164,HB,WAS,11,-1.4,11,86.8,100.0,2,2,0,5.7,2,13,32,1,69.5,29.8,64.9,28.2,65.9,0.4,1,0,34,16.5,42,255,0,33,78.4,200,27.5,70,104.6,38,0,5.1,13,346,404,12.2,10.5,1.73
Tucker Kraft,104034,TE,GB,11,4.2,12,78.9,50.0,1,2,0,6.3,2,17,12,1,69.5,21.7,61.0,68.7,61.6,54.8,184,2,67,5.7,19,336,3,30,88.1,296,32.4,109,128.4,38,6,12.2,41,402,292,9.7,13.4,1.36
Joshua Palmer,62979,WR,LAC,10,16.4,0,60.5,40.0,4,10,1,11.5,3,19,27,0,53.1,75.5,65.9,,66.9,0.0,0,0,45,0.0,0,285,2,23,91.2,260,30.2,86,105.5,38,1,69.8,199,403,75,3.3,17.5,1.55
Colby Parkinson,52266,TE,LA,11,6.2,1,65.8,0.0,0,3,0,3.8,1,13,26,0,74.9,75.7,64.2,74.0,67.9,72.5,206,0,23,11.6,33,284,3,25,83.1,236,17.6,50,92.3,38,1,9.5,27,243,126,5.0,9.7,1.03
Rico Dowdle,40693,HB,DAL,10,0.6,6,78.4,25.0,1,4,0,9.4,3,11,9,0,57.0,51.9,66.4,68.2,65.3,0.0,0,0,22,18.0,38,211,0,29,79.1,167,7.6,16,114.4,37,3,4.3,9,184,187,6.4,6.3,1.1
Isaiah Likely,83955,TE,BLT,11,8.9,8,75.7,0.0,0,2,2,0.0,0,18,3,1,86.9,27.1,72.8,35.2,73.1,32.9,78,0,49,4.6,11,237,3,28,89.5,212,56.5,134,131.1,37,3,10.5,25,346,217,7.8,12.4,1.63
Kayshon Boutte,124087,WR,NE,10,16.1,1,59.5,60.0,3,5,1,15.4,4,14,19,0,41.6,75.3,55.8,,57.5,1.2,4,1,40,0.0,0,333,3,22,92.2,307,14.4,48,81.9,37,1,84.4,281,289,44,2.0,13.1,0.94
Calvin Austin III,61418,WR,PIT,11,13.3,2,55.6,57.1,4,7,0,4.8,1,12,25,0,71.3,85.9,63.8,,64.6,0.0,0,0,55,0.0,0,237,0,20,95.4,226,61.6,146,117.1,36,3,38.4,91,354,118,5.9,17.7,1.57
Andrei Iosivas,109811,WR,CIN,11,13.2,0,55.6,50.0,3,6,0,9.1,2,16,7,0,58.1,74.4,52.4,65.7,53.7,0.0,0,0,39,0.3,1,390,0,20,93.1,363,47.4,185,117.1,36,4,52.6,205,274,38,1.9,13.7,0.75
Keon Coleman,144949,WR,BUF,9,13.0,5,61.1,41.7,5,12,2,12.0,3,16,4,0,51.8,75.3,69.2,,70.0,0.0,0,1,57,0.0,0,239,4,22,92.5,221,5.9,14,117.5,36,3,94.1,225,417,199,9.0,19.0,1.89
Aaron Jones,11937,HB,MIN,11,1.1,4,88.9,50.0,2,4,0,0.0,0,12,18,1,88.3,48.7,74.0,80.8,79.7,3.3,8,1,25,14.6,36,246,1,32,80.1,197,2.4,6,97.3,36,1,6.9,17,285,291,9.1,8.9,1.45
D'Andre Swift,57212,HB,CHI,11,-0.4,5,88.6,100.0,1,1,0,3.1,1,8,6,1,78.4,63.6,60.5,27.1,58.6,0.0,0,0,42,14.4,41,284,4,31,79.2,225,5.3,15,99.8,35,0,12.7,36,278,285,9.2,9.0,1.24
Sam LaPorta,101690,TE,DET,10,7.4,6,80.0,100.0,2,2,0,0.0,0,17,11,0,86.9,76.1,69.1,47.0,74.2,51.7,140,2,52,8.5,23,271,1,28,88.2,239,24.0,65,117.3,35,3,20.3,55,385,208,7.4,13.8,1.61
Ja'Tavion Sanders,144717,TE,CAR,11,5.5,5,82.9,100.0,3,3,0,9.4,3,11,5,1,57.8,27.6,57.6,51.8,59.8,37.4,92,0,46,9.3,23,246,4,29,85.8,211,49.6,122,112.1,35,1,12.2,30,302,169,5.8,10.4,1.43
Christian Watson,66581,WR,GB,10,18.7,1,58.8,80.0,8,10,0,4.8,1,15,12,0,71.3,75.7,70.3,,72.7,1.0,2,2,60,0.0,0,198,1,20,92.9,184,30.8,61,93.1,34,2,68.2,135,383,95,4.8,19.2,2.08
Rhamondre Stevenson,98689,HB,NE,11,-0.9,10,82.4,50.0,1,2,1,3.4,1,4,19,1,77.8,33.2,66.9,66.5,61.5,3.9,11,0,14,21.4,60,281,3,28,73.0,205,4.6,13,90.9,34,1,7.8,22,118,183,6.5,4.2,0.58
Olamide Zaccheaus,44920,WR,WAS,12,5.3,3,70.6,33.3,1,3,0,7.7,2,14,32,0,64.1,49.4,67.1,,67.2,0.0,0,0,42,0.0,0,175,2,24,93.7,164,53.7,94,91.5,34,0,44.6,78,250,151,6.3,10.4,1.52
Justice Hill,45865,HB,BLT,12,-0.1,9,97.1,50.0,1,2,0,0.0,0,14,3,0,89.3,84.7,77.0,60.2,90.3,0.8,2,1,24,22.3,58,260,1,33,71.2,185,7.3,19,111.6,34,2,3.5,9,307,332,10.1,9.3,1.66
Bucky Irving,144970,HB,TB,11,-2.5,16,97.0,100.0,1,1,0,3.0,1,9,30,0,78.9,53.0,86.0,44.8,90.5,0.0,0,0,32,10.3,18,174,0,32,87.4,152,9.2,16,98.5,33,0,9.2,16,252,328,10.3,7.9,1.66
James Conner,11860,HB,ARZ,11,-1.8,16,87.9,,0,0,0,3.3,1,11,1,2,77.8,49.4,83.0,69.7,60.2,0.0,0,2,44,18.1,41,226,0,29,79.6,180,5.3,12,77.8,33,0,8.8,20,288,338,11.7,9.9,1.6
Troy Franklin,146567,WR,DEN,11,15.7,2,57.6,33.3,1,3,1,9.5,2,8,10,0,58.1,75.1,55.6,,57.2,0.0,0,0,30,0.0,0,191,3,19,92.7,177,36.1,69,94.3,33,2,63.9,122,190,87,4.6,10.0,1.07
Jahmyr Gibbs,122474,HB,DET,11,-0.7,3,81.3,,0,0,0,0.0,0,13,11,0,86.5,90.3,81.6,25.5,71.2,0.0,0,1,54,13.3,28,210,3,26,83.8,176,6.2,13,98.6,32,1,8.6,18,265,341,13.1,10.2,1.51
Joe Mixon,11803,HB,HST,9,-0.3,9,71.9,0.0,0,1,0,8.0,2,10,13,0,61.3,90.7,74.9,59.4,68.8,0.0,0,0,37,14.2,28,197,2,23,82.2,162,7.1,14,101.8,32,1,4.1,8,226,267,11.6,9.8,1.4
J.K. Dobbins,57366,HB,LAC,11,-1.0,4,87.5,50.0,1,2,0,6.7,2,6,27,0,66.6,90.4,67.3,69.9,56.7,0.4,1,0,15,29.1,77,265,0,28,66.8,177,6.0,16,84.1,32,0,3.0,8,134,174,6.2,4.8,0.76
Chigoziem Okonkwo,84000,TE,TEN,11,5.3,4,75.0,50.0,2,4,0,4.0,1,9,31,2,73.5,25.6,50.3,61.5,56.2,43.2,121,2,70,6.8,19,280,3,24,87.5,245,36.4,102,93.5,32,2,17.5,49,262,152,6.3,10.9,1.07
Greg Dortch,42237,WR,ARZ,11,6.2,6,71.9,40.0,2,5,0,8.0,2,10,1,1,62.3,36.4,59.2,,58.5,0.0,0,0,16,0.0,0,207,0,23,95.2,197,66.2,137,97.4,32,1,29.5,61,192,141,6.1,8.3,0.97
Jonathan Mingo,97774,WR,DAL,11,9.7,2,40.6,14.3,1,7,0,13.3,2,4,9,0,47.7,22.5,48.4,,50.0,0.0,0,1,35,0.0,0,224,0,13,94.6,212,43.3,97,39.7,32,0,56.3,126,129,66,5.1,9.9,0.61
Noah Fant,42388,TE,SEA,8,5.5,7,87.1,100.0,2,2,0,6.9,2,15,29,0,66.6,76.3,62.8,49.6,65.6,26.3,71,0,28,5.9,16,270,0,27,84.8,229,53.3,144,105.0,31,0,16.3,44,285,142,5.3,10.6,1.24
Curtis Samuel,11795,WR,BUF,10,6.2,2,67.7,40.0,2,5,0,0.0,0,7,4,0,84.5,75.2,65.8,,65.5,0.0,0,1,38,0.0,0,165,0,21,94.5,156,44.8,74,80.7,31,1,49.7,82,185,88,4.2,8.8,1.19
David Moore,11981,WR,CAR,11,11.1,2,61.3,45.5,5,11,0,5.0,1,11,5,0,70.5,77.7,68.9,,68.8,0.0,0,0,21,0.0,0,186,0,19,94.6,176,21.5,40,91.1,31,1,78.0,145,202,35,1.8,10.6,1.15
Tyler Johnson,48054,WR,LA,11,6.4,6,71.0,75.0,3,4,0,0.0,0,7,26,0,84.9,75.1,68.2,73.5,68.1,0.6,1,1,63,2.4,4,167,1,22,91.6,153,31.7,53,82.2,31,0,67.7,113,256,154,7.0,11.6,1.67
Juwan Johnson,28305,TE,NO,11,7.4,1,80.6,80.0,4,5,0,7.4,2,13,20,0,66.2,76.1,66.9,21.4,72.8,47.5,123,0,27,7.7,20,259,2,25,85.7,222,36.7,95,125.4,31,2,15.4,40,277,106,4.2,11.1,1.25
KaVontae Turpin,47658,WR,DAL,11,9.9,3,67.7,0.0,0,5,0,12.5,3,12,9,1,47.8,29.8,66.7,,69.3,0.0,0,2,64,0.0,0,131,0,21,93.9,123,79.4,104,90.1,31,2,19.8,26,275,149,7.1,13.1,2.24
James Cook,83666,HB,BUF,10,0.4,3,80.6,0.0,0,1,0,10.7,3,9,4,0,52.9,90.1,74.6,73.4,51.7,0.0,0,0,25,5.0,9,181,0,25,90.1,163,6.6,12,101.9,31,1,4.4,8,182,201,8.0,7.3,1.12
Brenton Strange,101694,TE,JAX,11,8.7,3,70.0,50.0,2,4,0,8.7,2,11,15,0,59.5,74.6,66.6,68.1,65.0,41.8,77,0,30,16.3,30,184,1,21,81.5,150,42.9,79,113.3,30,2,11.4,21,221,106,5.0,10.5,1.47
Jerome Ford,83601,HB,CLV,9,-1.0,14,86.7,100.0,1,1,0,3.7,1,4,8,0,75.5,86.4,65.9,44.6,56.5,15.3,39,0,24,18.8,48,255,0,26,76.1,194,5.5,14,84.2,30,0,6.7,17,126,183,7.0,4.8,0.65
Saquon Barkley,45791,HB,PHI,11,2.7,11,90.0,100.0,1,1,0,6.9,2,12,24,0,65.0,82.4,86.8,58.8,71.2,0.0,0,0,43,17.3,46,266,1,27,79.3,211,6.0,16,124.6,30,2,4.1,11,257,223,8.3,9.5,1.22
Noah Gray,60878,TE,KC,11,7.0,1,90.0,100.0,3,3,0,0.0,0,20,16,0,87.6,76.9,73.6,73.6,76.8,55.9,138,2,35,7.3,18,247,1,27,87.4,216,28.3,70,122.2,30,4,11.3,28,315,151,5.6,11.7,1.46
Sterling Shepard,10674,WR,TB,9,10.0,2,70.0,80.0,4,5,0,4.5,1,7,30,0,72.1,76.8,55.9,62.3,57.0,0.0,0,0,30,0.4,1,244,4,21,93.0,227,43.0,105,96.8,30,1,56.6,138,182,40,1.9,8.7,0.8
Travis Etienne Jr.,57185,HB,JAX,9,1.1,3,73.3,50.0,1,2,0,8.3,2,6,15,0,61.3,63.5,56.0,15.1,61.6,0.0,0,1,14,18.0,33,183,0,22,77.6,142,1.1,2,63.5,30,0,5.5,10,102,121,5.5,4.6,0.72
Jordan Akins,47050,TE,CLV,11,6.7,1,76.7,62.5,5,8,0,4.2,1,12,8,1,74.2,26.1,67.9,69.6,69.8,49.5,103,1,21,5.3,11,208,0,23,87.0,181,37.5,78,95.0,30,1,11.5,24,229,89,3.9,10.0,1.27
Mack Hollins,11873,WR,BUF,11,14.6,1,60.0,60.0,3,5,0,5.3,1,15,4,0,69.0,73.9,57.0,62.4,59.5,3.4,10,0,44,0.3,1,292,1,18,93.2,272,30.1,88,116.5,30,3,66.4,194,224,54,3.0,12.4,0.82
Zach Charbonnet,97630,HB,SEA,11,-0.6,8,90.0,100.0,1,1,0,0.0,0,5,29,0,86.5,86.5,68.3,70.3,63.5,2.7,7,1,30,26.6,68,256,0,27,68.8,176,6.3,16,90.4,30,1,14.8,38,191,207,7.7,7.1,1.09
Alexander Mattison,45817,HB,LV,10,-0.5,12,86.2,0.0,0,1,0,3.8,1,10,23,0,76.2,88.7,67.1,36.1,72.3,0.0,0,1,31,19.5,40,205,0,25,74.1,152,2.9,6,99.0,29,1,5.4,11,245,258,10.3,9.8,1.61
Ja'Lynn Polk,123153,WR,NE,11,12.1,1,41.4,25.0,3,12,0,14.3,2,4,19,0,45.7,72.5,43.4,74.3,46.2,0.0,0,1,21,0.8,2,245,4,12,92.2,226,18.8,46,57.7,29,2,81.2,199,87,11,0.9,7.3,0.38
Rashee Rice,97605,WR,KC,4,5.2,8,82.8,0.0,0,1,1,4.0,1,15,16,0,74.2,75.8,85.1,,85.5,0.0,0,1,44,0.0,0,99,1,24,91.9,91,50.5,50,116.7,29,2,49.5,49,288,185,7.7,12.0,3.16
Kyren Williams,97118,HB,LA,11,-1.3,4,86.2,,0,0,0,3.8,1,7,26,0,74.9,32.1,63.1,37.1,56.0,0.0,0,0,26,30.3,121,400,0,25,66.0,264,4.5,18,109.2,29,2,2.3,9,136,167,6.7,5.4,0.52
Nick Westbrook-Ikhine,47861,WR,TEN,11,13.9,3,58.6,77.8,7,9,0,5.6,1,13,31,0,69.0,73.9,65.4,73.9,67.0,0.0,0,2,98,0.8,2,239,1,17,94.1,225,21.8,52,105.5,29,6,78.2,187,304,94,5.5,17.9,1.35
Najee Harris,57121,HB,PIT,11,-1.0,7,79.3,,0,0,0,14.8,4,8,25,0,40.2,90.7,78.0,71.1,53.2,4.3,8,0,32,14.1,26,184,0,23,82.6,152,1.6,3,94.7,29,0,2.2,4,195,216,9.4,8.5,1.28
Josh Jacobs,45953,HB,GB,11,-1.3,7,82.1,100.0,1,1,0,0.0,0,9,12,0,84.9,68.1,88.9,38.1,75.0,1.3,3,1,23,17.7,41,231,1,23,78.8,182,3.0,7,91.4,28,1,5.2,12,186,230,10.0,8.1,1.02
Jalen Nailor,84292,WR,MIN,11,12.2,0,60.7,50.0,2,4,1,19.0,4,14,18,0,31.9,75.7,59.5,,60.3,0.0,0,0,33,0.0,0,257,3,17,91.1,234,47.1,121,129.8,28,5,52.9,136,252,62,3.6,14.8,1.08
Jalen Brooks,111284,WR,DAL,10,14.4,2,33.3,35.7,5,14,0,0.0,0,6,9,0,77.3,70.6,55.0,,55.4,0.0,0,2,41,0.0,0,209,0,9,92.3,193,15.3,32,21.8,27,0,84.7,177,148,38,4.2,16.4,0.77
DJ Turner,47663,WR,LV,11,9.6,0,55.6,83.3,5,6,0,0.0,0,9,23,0,81.1,80.5,53.2,69.0,53.6,0.0,0,2,30,0.4,1,245,1,15,94.3,231,73.9,181,50.4,27,1,23.7,58,133,52,3.5,8.9,0.58
Zack Moss,40341,HB,CIN,8,-0.4,6,85.2,0.0,0,1,0,8.0,2,11,7,0,61.5,37.0,58.2,50.6,66.2,3.8,8,0,21,24.1,51,212,0,23,73.1,155,2.8,6,107.9,27,1,2.8,6,187,202,8.8,8.1,1.21
Van Jefferson,47447,WR,PIT,11,12.1,4,61.5,66.7,2,3,0,11.1,2,8,25,0,54.3,73.6,55.9,69.6,56.9,0.4,1,0,36,1.5,4,266,3,16,90.2,240,27.1,72,94.7,26,1,72.6,193,178,50,3.1,11.1,0.74
Tyrone Tracy,84226,HB,NYG,11,-0.5,4,84.6,50.0,1,2,0,12.0,3,6,21,1,49.3,27.1,63.1,61.7,43.2,0.0,0,1,19,16.2,38,234,0,22,76.5,179,7.7,18,73.9,26,0,12.8,30,145,149,6.8,6.6,0.81
Jalen Coker,143068,WR,CAR,7,12.8,4,65.4,50.0,2,4,0,5.6,1,14,5,0,68.7,73.9,77.2,,78.0,0.0,0,1,31,0.0,0,159,2,17,94.3,150,76.1,121,95.5,26,1,23.9,38,263,95,5.6,15.5,1.75
Nelson Agholor,9453,WR,BLT,12,12.5,2,52.0,22.2,2,9,0,7.1,1,9,3,0,65.6,73.0,64.9,51.5,65.4,4.2,8,0,56,0.5,1,191,1,13,90.6,173,51.3,98,106.3,25,2,44.5,85,205,85,6.5,15.8,1.18
Ameer Abdullah,9487,HB,LV,9,-1.3,2,88.0,100.0,1,1,0,0.0,0,7,23,0,84.5,47.4,59.3,58.2,72.0,0.5,1,0,13,17.2,35,204,1,22,78.4,160,4.9,10,112.2,25,2,4.9,10,113,151,6.9,5.1,0.71
Miles Sanders,40555,HB,CAR,10,-1.3,7,84.0,50.0,1,2,0,0.0,0,3,5,0,84.1,82.9,68.1,42.1,62.7,0.0,0,1,27,16.3,22,135,0,21,80.0,108,14.1,19,66.3,25,0,12.6,17,98,136,6.5,4.7,0.91
Marvin Mims Jr.,122937,WR,DEN,12,8.6,5,64.0,0.0,0,1,0,11.1,2,5,10,0,55.6,88.0,58.4,,58.5,0.8,1,1,37,0.0,0,122,0,16,94.3,115,32.8,40,79.1,25,1,54.9,67,162,177,11.1,10.1,1.41
T.J. Hockenson,40912,TE,MIN,4,8.7,0,80.0,87.5,7,8,0,4.8,1,13,18,0,71.3,74.6,78.5,71.1,82.6,52.1,62,1,34,1.7,2,119,0,20,89.9,107,34.5,41,87.7,25,0,13.4,16,226,71,3.6,11.3,2.11
David Montgomery,45719,HB,DET,11,-0.1,16,96.0,100.0,2,2,0,0.0,0,9,11,0,85.3,59.0,84.2,51.1,84.9,0.0,0,0,40,18.3,26,142,1,24,79.6,113,2.8,4,106.8,25,0,2.1,3,241,244,10.2,10.0,2.13
Jaylen Warren,98692,HB,PIT,9,0.3,4,87.5,,0,0,0,0.0,0,6,25,0,71.5,63.2,58.7,29.6,67.4,6.6,11,0,26,22.8,38,167,0,21,69.5,116,1.2,2,91.3,24,0,3.0,5,142,157,7.5,6.8,1.22
Jalen McMillan,131905,WR,TB,7,14.1,1,45.8,0.0,0,5,0,21.4,3,7,30,0,31.6,76.5,50.1,,50.5,0.0,0,3,32,0.0,0,201,1,11,95.0,191,25.4,51,35.4,24,1,72.1,145,120,34,3.1,10.9,0.63
Luke Schoonmaker,84005,TE,DAL,11,7.0,0,70.8,100.0,3,3,2,0.0,0,7,9,0,82.2,73.6,60.3,36.8,68.3,44.2,61,0,24,10.1,14,138,2,17,82.6,114,42.8,59,104.0,24,1,10.9,15,167,71,4.2,9.8,1.46
Mason Tipton,109617,WR,NO,10,12.9,1,58.3,75.0,3,4,0,12.5,2,2,20,0,51.8,73.7,48.4,,48.1,0.0,0,0,15,0.0,0,234,1,14,93.2,218,26.1,61,67.9,24,0,73.5,172,99,29,2.1,7.1,0.45
Kendrick Bourne,12270,WR,NE,7,9.5,2,66.7,33.3,2,6,0,5.9,1,8,19,0,67.7,73.9,59.4,,61.0,0.0,0,0,21,0.0,0,193,1,16,91.2,176,20.7,40,101.0,24,1,79.3,153,170,65,4.1,10.6,0.97
Taysom Hill,12112,TE,NO,7,3.1,6,75.0,50.0,2,4,0,14.3,3,6,20,1,43.5,44.3,74.9,75.6,64.5,23.0,23,0,34,5.0,5,100,0,18,87.0,87,37.0,37,90.6,24,0,22.0,22,150,123,6.8,8.3,1.72
Tim Patrick,12087,WR,DET,10,12.5,1,79.2,50.0,1,2,0,0.0,0,11,11,0,83.2,74.1,69.0,67.3,68.5,0.0,0,2,42,1.1,2,174,0,19,96.0,167,25.9,45,76.7,24,0,74.1,129,258,88,4.6,13.6,1.54
AJ Barner,129433,TE,SEA,11,3.8,4,79.2,50.0,1,2,0,9.5,2,11,29,0,56.9,74.1,59.7,66.6,58.9,45.7,96,1,20,11.0,23,210,3,19,81.9,172,42.9,90,92.0,24,1,9.5,20,166,100,5.3,8.7,0.97
Samaje Perine,11869,HB,KC,11,0.5,5,79.2,50.0,1,2,0,9.5,2,9,16,0,57.1,79.9,65.9,64.8,66.2,2.9,5,0,35,16.3,28,172,0,19,79.1,136,4.1,7,112.7,24,1,1.7,3,185,188,9.9,9.7,1.36
Mike Williams,11762,WR,PIT,12,16.7,0,56.5,71.4,5,7,0,7.1,1,10,25,0,49.8,72.7,56.0,,57.4,0.0,0,2,32,0.0,0,262,0,13,94.7,248,24.8,65,63.3,23,1,75.2,197,198,21,1.6,15.2,0.8
Jordan Whittington,97623,WR,LA,5,6.0,2,78.3,50.0,1,2,0,0.0,0,10,26,0,82.7,75.9,77.2,78.9,74.6,0.9,1,0,31,5.7,6,106,0,18,90.6,96,35.8,38,103.1,23,0,60.4,64,201,129,7.2,11.2,2.09
Dare Ogunbowale,12329,HB,HST,12,1.8,8,72.7,,0,0,0,5.9,1,7,13,0,67.7,80.7,58.5,36.6,63.6,0.0,0,0,31,27.8,60,216,2,16,69.4,150,7.9,17,109.3,22,1,5.6,12,166,155,9.7,10.4,1.11
Johnny Mundt,12206,TE,MIN,11,4.3,1,72.7,100.0,2,2,2,11.1,2,5,18,0,54.3,73.6,51.4,65.3,54.2,49.0,96,0,20,7.1,14,196,4,16,85.2,167,33.7,66,99.2,22,1,16.8,33,113,60,3.8,7.1,0.68
Josh Oliver,47083,TE,MIN,10,8.3,0,86.4,100.0,1,1,0,0.0,0,12,18,0,83.2,74.7,74.3,76.7,71.6,89.6,155,0,28,17.9,31,173,2,19,79.2,137,6.9,12,147.2,22,3,3.5,6,216,105,5.5,11.4,1.58
Justin Watson,66915,WR,KC,11,11.0,0,81.8,75.0,3,4,0,5.3,1,10,16,0,68.7,73.9,53.0,36.3,53.0,2.0,6,0,25,0.3,1,295,0,18,95.3,281,34.6,102,108.0,22,0,63.4,187,218,55,3.1,12.1,0.78
Dyami Brown,77986,WR,WAS,12,7.2,10,76.2,66.7,2,3,0,11.1,2,8,32,0,55.6,74.3,67.2,66.3,67.1,0.0,0,0,41,0.6,1,168,3,16,92.9,156,19.6,33,115.4,21,1,80.4,135,171,113,7.1,10.7,1.1
Erick All,52595,TE,CIN,9,3.1,2,95.2,100.0,1,1,0,4.8,1,8,7,0,70.5,74.4,59.9,77.7,63.3,60.7,74,0,28,11.5,14,122,0,20,87.7,107,22.1,27,98.0,21,0,9.0,11,158,90,4.5,7.9,1.48
Dawson Knox,35883,TE,BUF,11,10.0,0,66.7,25.0,1,4,1,6.7,1,8,4,0,51.5,73.0,53.7,75.4,52.0,44.8,103,1,34,7.8,18,230,3,14,85.2,196,39.6,91,89.8,21,1,13.9,32,182,53,3.8,13.0,0.93
Darnell Washington,124044,TE,PIT,11,5.2,5,81.0,50.0,1,2,0,0.0,0,8,25,0,82.2,73.6,74.8,65.1,80.0,85.3,151,1,29,32.2,57,177,3,17,62.7,111,6.8,12,98.8,21,1,7.9,14,182,113,6.6,10.7,1.64
Jonathan Taylor,57488,HB,IND,9,-1.6,6,61.9,0.0,0,1,0,13.3,2,6,14,2,51.2,61.0,48.5,31.6,33.3,0.0,0,1,25,15.6,35,224,2,13,78.1,175,2.2,5,55.9,21,0,5.8,13,111,133,10.2,8.5,0.63
Kalif Raymond,11028,WR,DET,11,7.5,3,80.0,50.0,1,2,0,0.0,0,9,11,0,81.7,86.4,69.4,,69.1,0.0,0,0,38,0.0,0,130,0,16,96.9,126,43.8,57,142.5,20,2,56.2,73,204,131,8.2,12.8,1.62
Foster Moreau,47043,TE,NO,11,12.9,1,75.0,33.3,1,3,0,0.0,0,11,20,0,82.7,23.6,67.6,68.3,69.9,67.9,165,0,41,24.3,59,243,4,15,71.6,174,26.3,64,149.4,20,3,4.9,12,217,59,3.9,14.5,1.25
Luke McCaffrey,101634,WR,WAS,12,10.1,2,70.0,50.0,2,4,0,6.7,1,6,32,0,64.4,72.7,53.6,65.8,54.8,0.0,0,1,30,0.5,1,211,0,14,94.3,199,82.5,174,69.2,20,0,17.5,37,142,68,4.9,10.1,0.71
Grant Calcaterra,60997,TE,PHI,11,6.6,0,89.5,100.0,1,1,0,0.0,0,12,24,0,82.2,73.6,57.4,62.1,62.5,44.0,85,0,34,10.4,20,193,3,17,85.5,165,46.6,90,114.0,19,0,7.8,15,216,118,6.9,12.7,1.31
Brandin Cooks,8655,WR,DAL,4,12.9,0,47.4,28.6,2,7,1,0.0,0,6,9,0,57.0,72.0,55.5,,55.8,0.0,0,0,21,0.0,0,152,1,9,88.8,135,26.3,40,79.1,19,1,73.7,112,91,16,1.8,10.1,0.67
Kareem Hunt,11841,HB,KC,8,-1.1,7,89.5,,0,0,0,0.0,0,8,16,0,83.2,90.3,72.6,72.4,67.8,3.6,6,0,26,11.4,19,167,0,17,81.4,136,3.0,5,96.3,19,0,4.2,7,135,163,9.6,7.9,0.99
Josh Reynolds,11872,WR,DEN,5,11.1,0,63.2,37.5,3,8,0,0.0,0,8,10,0,79.4,71.9,66.3,,67.9,0.0,0,0,49,0.0,0,135,1,12,94.8,128,23.7,32,112.4,19,1,76.3,103,183,42,3.5,15.3,1.43
John Metchie III,97400,WR,HST,9,9.4,1,68.4,75.0,3,4,0,0.0,0,8,13,0,80.0,72.3,63.5,,65.1,0.0,0,1,28,0.0,0,160,0,13,94.4,151,51.3,82,87.4,19,1,48.8,78,149,57,4.4,11.5,0.99
Kyle Juszczyk,7912,FB,SF,11,5.3,0,73.7,50.0,2,4,0,0.0,0,4,28,0,81.7,75.2,60.3,75.3,54.7,38.4,78,1,34,12.8,26,203,2,14,82.3,167,17.2,35,67.7,19,0,11.8,24,119,42,3.0,8.5,0.71
Cade Stover,101486,TE,HST,12,5.4,2,72.2,0.0,0,3,0,13.3,2,5,13,0,47.7,72.3,52.2,21.9,52.6,71.6,106,0,27,20.9,31,148,3,13,75.7,112,12.2,18,110.4,18,1,10.8,16,128,91,7.0,9.8,1.14
Tyjae Spears,97195,HB,TEN,7,-1.0,5,94.4,,0,0,0,0.0,0,4,31,0,82.7,83.6,64.4,50.6,67.3,3.7,4,0,29,19.3,21,109,0,17,72.5,79,4.6,5,87.0,18,0,5.5,6,88,112,6.6,5.2,1.11
Antonio Gibson,78050,HB,NE,12,-0.6,3,83.3,100.0,1,1,0,6.3,1,7,19,0,66.7,60.3,67.0,52.4,66.4,3.8,5,2,50,20.5,27,132,0,15,74.2,98,5.3,7,61.1,18,0,8.3,11,147,153,10.2,9.8,1.5
Devin Singletary,40485,HB,NYG,9,-2.2,5,88.9,,0,0,0,5.9,1,4,21,0,66.7,37.5,63.7,75.2,56.0,0.0,0,1,23,31.7,57,180,0,16,63.9,115,4.4,8,66.4,18,0,8.9,16,99,146,9.1,6.2,0.86
Josh Whyle,54037,TE,TEN,11,4.4,1,83.3,,0,0,0,6.3,1,10,31,0,65.6,73.0,62.2,60.4,67.2,51.0,73,0,33,16.1,23,143,2,15,80.4,115,33.6,48,100.9,18,0,13.3,19,148,89,5.9,9.9,1.29
Parker Washington,129799,WR,JAX,11,12.7,3,55.6,25.0,1,4,1,16.7,2,6,15,0,41.1,27.8,51.6,,52.1,0.0,0,0,23,0.0,0,172,1,10,95.3,164,33.7,58,75.7,18,0,66.3,114,118,16,1.6,11.8,0.72
Jeremy Ruckert,84029,TE,NYJ,11,2.8,0,76.5,50.0,1,2,0,7.1,1,5,22,0,63.2,72.3,57.0,81.4,63.7,64.1,75,0,12,17.1,20,117,0,13,81.2,95,22.2,26,83.7,17,0,7.7,9,73,61,4.7,5.6,0.77
K.J. Osborn,23503,WR,NE,7,6.8,0,41.2,40.0,2,5,0,0.0,0,2,19,0,75.6,69.5,54.0,,52.3,0.0,0,0,22,0.0,0,135,2,7,93.3,126,31.9,43,70.0,17,1,68.1,92,57,15,2.1,8.1,0.45
Jahan Dotson,84375,WR,PHI,11,9.3,2,58.8,33.3,1,3,1,0.0,0,6,24,0,78.7,71.5,54.5,,54.8,0.0,0,0,36,0.0,0,272,1,10,94.5,257,31.6,86,78.1,17,0,68.4,186,110,48,4.8,11.0,0.43
Elijah Higgins,98027,TE,ARZ,11,5.0,4,88.2,50.0,1,2,0,6.3,1,7,1,0,67.0,73.3,64.5,44.9,67.9,50.0,59,0,23,4.2,5,118,2,15,93.2,110,33.9,40,135.5,17,2,13.6,16,121,63,4.2,8.1,1.1
Marquez Valdes-Scantling,47809,WR,NO,9,21.1,0,50.0,0.0,0,3,0,0.0,0,6,20,0,76.5,70.1,66.8,,65.7,0.0,0,1,71,0.0,0,136,0,8,92.6,126,21.3,29,109.4,16,3,78.7,107,227,100,12.5,28.4,1.8
Julian Hill,88685,TE,MIA,10,7.1,1,62.5,33.3,1,3,0,9.1,1,4,17,1,58.5,19.8,42.9,58.1,45.3,70.7,94,0,17,22.6,30,133,6,10,73.7,98,23.3,31,75.3,16,0,5.3,7,81,46,4.6,8.1,0.83
Tanner Hudson,66924,TE,CIN,7,4.6,1,75.0,,0,0,0,14.3,2,5,7,1,45.7,21.5,59.3,60.7,57.9,20.6,13,0,13,7.9,5,63,1,12,87.3,55,50.8,32,108.1,16,1,19.0,12,87,50,4.2,7.3,1.58
Ricky Pearsall,100660,WR,SF,5,9.3,0,68.8,33.3,1,3,0,0.0,0,5,28,0,79.4,75.6,61.3,66.2,59.2,0.0,0,0,46,0.7,1,141,0,11,92.2,130,39.7,56,114.6,16,1,60.3,85,132,44,4.0,12.0,1.02
Trey Palmer,99248,WR,TB,9,11.5,0,62.5,33.3,1,3,0,0.0,0,6,30,0,78.0,80.9,59.9,,60.7,0.0,0,0,25,0.0,0,151,2,10,96.0,145,26.5,40,111.7,16,1,73.5,111,141,33,3.3,14.1,0.97
Robert Woods,7822,WR,HST,10,8.1,0,68.8,50.0,1,2,0,8.3,1,7,13,0,60.2,83.5,61.1,74.6,60.0,0.0,0,0,32,1.6,2,125,1,11,93.6,117,44.0,55,88.5,16,0,56.0,70,112,45,4.1,10.2,0.96
Christian McCaffrey,11763,HB,SF,3,3.9,2,81.3,0.0,0,2,0,0.0,0,5,28,1,80.0,46.7,68.0,77.2,71.7,2.9,3,1,30,13.3,14,105,0,13,81.9,86,6.7,7,75.0,16,0,7.6,8,132,78,6.0,10.2,1.53
Jaleel McLaughlin,138346,HB,DEN,12,-3.8,4,100.0,,0,0,0,0.0,0,3,10,1,81.7,56.2,63.5,23.3,49.0,1.6,2,0,11,4.0,5,126,0,16,89.7,113,7.1,9,118.8,16,2,17.5,22,47,107,6.7,2.9,0.42
Xavier Hutchinson,122518,WR,HST,12,11.4,1,43.8,33.3,2,6,0,12.5,1,4,13,0,54.9,70.1,54.7,,54.2,0.0,0,0,19,0.0,0,199,0,7,94.0,187,33.7,67,56.8,16,0,66.3,132,70,27,3.9,10.0,0.37
Simi Fehoko,84424,WR,LAC,8,15.3,0,37.5,33.3,2,6,0,25.0,2,6,27,0,31.8,17.7,55.2,,56.2,0.0,0,0,30,0.0,0,133,0,6,94.7,126,19.5,26,60.9,16,0,80.5,107,106,18,3.0,17.7,0.84
JuJu Smith-Schuster,11817,WR,KC,8,5.1,3,73.3,0.0,0,2,1,0.0,0,6,16,0,79.4,71.9,60.4,83.1,63.3,0.7,1,1,50,1.4,2,146,2,11,88.4,129,45.2,66,102.4,15,1,54.1,79,161,111,10.1,14.6,1.25
Adam Thielen,8288,WR,CAR,4,10.9,0,73.3,100.0,2,2,0,8.3,1,7,5,0,60.2,71.5,64.4,,64.2,0.0,0,1,36,0.0,0,108,0,11,93.5,101,73.1,79,103.7,15,1,26.9,29,166,60,5.5,15.1,1.64
Odell Beckham Jr.,8647,WR,MIA,7,7.9,0,46.7,20.0,1,5,0,12.5,1,2,17,0,52.1,69.5,46.7,,48.7,0.0,0,1,11,0.0,0,90,0,7,93.3,84,51.1,46,25.7,15,0,48.9,44,45,12,1.7,6.4,0.54
Mo Alie-Cox,12078,TE,IND,12,9.8,0,60.0,66.7,2,3,0,10.0,1,5,14,0,56.7,70.6,66.0,71.5,58.6,81.4,140,0,22,31.4,54,172,1,9,63.4,109,17.4,30,106.8,15,1,0.6,1,117,42,4.7,13.0,1.07
Kylen Granson,40630,TE,IND,12,9.3,0,46.7,33.3,1,3,0,12.5,1,3,14,0,56.7,70.6,53.2,77.8,49.3,43.1,78,1,40,4.4,8,181,1,7,89.5,162,45.9,83,39.3,15,0,10.5,19,94,39,5.6,13.4,0.58
Bub Means,98847,WR,NO,5,11.9,2,60.0,50.0,2,4,0,0.0,0,7,20,0,77.3,70.6,59.9,,62.2,0.0,0,0,36,0.0,0,98,1,9,91.8,90,31.6,31,107.1,15,1,68.4,67,118,20,2.2,13.1,1.31
Braelon Allen,145159,HB,NYJ,11,0.0,2,66.7,,0,0,0,23.1,3,4,22,0,29.5,84.9,73.4,40.8,48.9,0.0,0,0,15,17.8,18,101,0,10,76.2,77,4.0,4,102.4,15,1,10.9,11,81,89,8.9,8.1,1.05
Adam Trautman,109795,TE,DEN,12,6.5,0,64.3,0.0,0,1,1,0.0,0,7,10,0,77.3,70.6,59.7,65.2,59.0,67.9,144,0,37,32.5,69,212,1,9,63.7,135,18.4,39,126.5,14,1,13.2,28,158,92,10.2,17.6,1.17
DeAndre Carter,9859,WR,CHI,7,11.3,2,64.3,,0,0,0,0.0,0,3,6,0,77.3,85.8,53.4,73.7,56.6,0.0,0,1,14,2.2,2,92,1,9,88.0,81,70.7,65,47.3,14,0,29.3,27,72,32,3.6,8.0,0.89
Brock Wright,60994,TE,DET,11,3.8,1,85.7,,0,0,0,0.0,0,6,11,0,79.4,71.9,54.9,61.3,59.9,75.0,117,1,16,26.9,42,156,2,12,69.9,109,10.3,16,102.4,14,2,10.3,16,87,65,5.4,7.3,0.8
Cedrick Wilson Jr.,48170,WR,NO,9,8.1,1,78.6,0.0,0,1,0,15.4,2,5,20,0,45.7,21.7,60.9,74.3,62.7,0.0,0,0,25,1.7,2,117,0,11,92.3,108,43.6,51,126.8,14,1,56.4,66,122,52,4.7,11.1,1.13
Emari Demercado,77763,HB,ARZ,11,2.8,1,78.6,,0,0,0,0.0,0,3,1,0,78.7,79.8,72.7,46.8,69.6,0.0,0,0,24,25.0,26,104,0,11,71.2,74,1.0,1,92.3,14,0,7.7,8,86,74,6.7,7.8,1.16
Tommy Tremble,84025,TE,CAR,6,6.0,0,71.4,60.0,3,5,0,0.0,0,3,5,1,78.0,19.8,46.5,32.5,45.1,48.7,75,1,20,9.1,14,154,0,10,84.4,130,37.0,57,54.8,14,0,12.3,19,77,38,3.8,7.7,0.59
Jermaine Burton,124017,WR,CIN,8,22.9,0,28.6,20.0,1,5,0,0.0,0,4,7,0,72.1,70.1,62.7,,62.0,0.0,0,0,47,0.0,0,82,0,4,95.1,78,9.8,8,58.9,14,0,90.2,74,107,18,4.5,26.8,1.37
Brian Robinson,57120,HB,WAS,9,-1.3,6,78.6,100.0,1,1,0,8.3,1,4,32,0,60.2,89.5,79.9,54.1,70.0,0.0,0,1,32,18.7,26,139,0,11,76.3,106,12.9,18,66.4,14,0,3.6,5,99,118,10.7,9.0,0.93
Jake Bobo,77997,WR,SEA,11,8.9,0,71.4,0.0,0,1,0,9.1,1,5,29,0,58.5,71.1,55.4,65.7,55.2,0.0,0,0,15,0.8,1,122,2,10,90.2,110,28.7,35,88.1,14,0,71.3,87,89,24,2.4,8.9,0.81
Jordan Mason,62946,HB,SF,10,3.4,3,78.6,50.0,1,2,0,0.0,0,5,28,0,78.7,39.8,71.2,44.5,54.6,1.6,3,0,24,12.6,24,191,0,11,83.2,159,8.4,16,93.8,14,0,6.3,12,91,60,5.5,8.3,0.57
Mecole Hardman Jr.,42683,WR,KC,9,-0.8,2,92.3,,0,0,0,0.0,0,6,16,0,79.4,85.5,75.5,69.4,68.9,0.0,0,0,17,1.4,1,69,0,12,97.1,67,39.1,27,95.5,13,0,55.1,38,90,101,8.4,7.5,1.34
Brevyn Spann-Ford,84006,TE,DAL,10,6.9,1,61.5,0.0,0,3,0,0.0,0,6,9,0,76.5,70.1,59.1,66.4,57.4,43.5,50,0,18,7.0,8,115,2,8,84.3,97,47.8,55,80.9,13,0,7.0,8,86,51,6.4,10.8,0.89
Ryan Miller,78734,WR,TB,5,11.1,0,53.8,33.3,2,6,0,0.0,0,6,30,0,75.6,69.5,64.4,62.4,62.8,0.0,0,1,39,1.1,1,89,0,7,93.3,83,46.1,41,67.5,13,1,53.9,48,84,48,6.9,12.0,1.01
Tyler Goodson,101659,HB,IND,7,1.4,3,76.9,,0,0,0,9.1,1,3,14,0,58.5,81.8,59.4,22.0,52.7,0.0,0,0,24,12.0,9,75,0,10,85.3,64,12.0,9,109.8,13,1,10.7,8,56,63,6.3,5.6,0.88
Ezekiel Elliott,10638,HB,DAL,10,-2.5,2,76.9,,0,0,0,0.0,0,2,9,0,78.0,52.2,59.8,56.8,61.4,0.0,0,0,15,18.6,27,145,0,10,76.6,111,8.3,12,84.1,13,0,6.2,9,56,87,8.7,5.6,0.5
Lucas Krull,83962,TE,DEN,8,7.1,3,76.9,0.0,0,1,0,0.0,0,5,10,0,78.0,71.1,54.4,75.1,51.7,38.4,53,0,23,3.6,5,138,0,10,94.2,130,37.7,52,97.0,13,0,21.0,29,96,33,3.3,9.6,0.74
Hayden Hurst,47294,TE,LAC,7,5.5,0,58.3,,0,0,0,12.5,1,1,27,0,31.8,69.5,36.4,,44.2,29.6,29,0,27,0.0,0,98,1,7,92.9,91,54.1,53,73.3,12,0,16.3,16,65,20,2.9,9.3,0.71
Trey Sermon,57372,HB,IND,12,-0.3,1,100.0,,0,0,0,0.0,0,3,14,0,79.4,83.1,58.2,55.9,60.9,0.0,0,0,14,33.1,44,133,0,12,62.4,83,0.8,1,92.7,12,0,5.3,7,75,79,6.6,6.3,0.9
Roschon Johnson,99467,HB,CHI,9,1.3,4,91.7,0.0,0,1,0,0.0,0,5,6,0,80.0,83.4,72.1,44.2,67.9,0.6,1,0,17,28.8,47,163,0,11,65.6,107,2.5,4,97.2,12,0,1.8,3,88,72,6.5,8.0,0.82
Davis Allen,99697,TE,LA,8,3.7,0,50.0,0.0,0,3,0,25.0,2,2,26,0,29.8,68.8,45.3,80.7,36.3,74.4,96,0,13,9.3,12,129,0,6,85.3,110,14.0,18,57.3,12,0,10.9,14,39,22,3.7,6.5,0.35
Luke Farrell,42353,TE,JAX,11,5.2,2,75.0,100.0,1,1,0,10.0,1,3,15,0,56.7,70.6,61.3,82.8,48.6,93.5,86,1,11,34.8,32,92,1,9,63.0,58,4.3,4,49.0,12,0,2.2,2,55,29,3.2,6.1,0.95
D'Ernest Johnson,45734,HB,JAX,10,1.0,2,66.7,0.0,0,1,0,0.0,0,3,15,0,76.5,80.3,61.0,21.7,61.3,0.0,0,1,26,19.5,24,123,2,8,76.4,94,3.3,4,49.7,12,0,3.3,4,77,83,10.4,9.6,0.82
Ty Johnson,45769,HB,BUF,11,7.3,1,66.7,100.0,1,1,0,0.0,0,6,4,0,76.5,79.1,68.6,52.1,63.1,0.0,0,0,33,15.9,24,151,0,8,77.5,117,15.9,24,130.9,12,2,6.6,10,97,36,4.5,12.1,0.83
Hunter Luepke,91319,FB,DAL,10,2.5,3,83.3,75.0,3,4,0,0.0,0,5,9,0,78.0,74.3,58.6,68.3,59.2,10.1,16,0,24,20.1,32,159,1,10,72.3,115,11.3,18,103.1,12,0,3.8,6,105,82,8.2,10.5,0.91
Jalin Hyatt,124282,WR,NYG,10,20.6,0,41.7,60.0,3,5,0,16.7,1,2,21,0,45.8,68.0,49.6,,50.0,0.0,0,1,19,0.0,0,165,0,5,94.5,156,10.9,18,17.7,12,0,89.1,147,45,2,0.4,9.0,0.29
Nick Vannett,10728,TE,TEN,11,2.6,0,91.7,100.0,1,1,0,0.0,0,4,31,0,79.4,71.9,56.0,49.9,68.1,92.2,106,1,24,36.5,42,115,1,11,62.6,72,1.7,2,100.7,12,2,4.3,5,84,61,5.5,7.6,1.17
Harrison Bryant,26394,TE,LV,7,3.8,3,81.8,,0,0,0,0.0,0,5,23,0,77.3,70.6,63.2,38.8,68.5,61.4,51,1,18,25.3,21,83,0,9,71.1,59,28.9,24,61.4,11,0,9.6,8,86,71,7.9,9.6,1.46
Bo Melton,61610,WR,GB,9,19.8,1,45.5,66.7,2,3,0,0.0,0,4,12,0,45.8,72.8,63.3,,59.3,0.0,0,1,28,0.0,0,56,2,5,92.9,52,32.1,18,29.7,11,0,67.9,38,73,7,1.4,14.6,1.4
Pierre Strong Jr.,66619,HB,CLV,8,-0.3,2,63.6,0.0,0,1,0,12.5,1,3,8,0,52.1,81.1,56.5,47.2,48.9,14.8,17,0,21,10.4,12,115,0,7,86.1,99,9.6,11,84.3,11,0,15.7,18,77,97,13.9,11.0,0.78
Raheem Mostert,9783,HB,MIA,8,1.4,4,90.9,,0,0,0,9.1,1,7,17,0,60.2,28.8,68.8,73.3,59.9,0.0,0,0,25,8.8,10,113,0,10,86.7,98,18.6,21,105.3,11,0,12.4,14,102,93,9.3,10.2,1.04
Charlie Kolar,60917,TE,BLT,12,6.3,0,81.8,33.3,1,3,0,0.0,0,4,3,0,77.3,71.3,70.1,53.8,79.9,77.8,49,0,55,25.4,16,63,2,9,66.7,42,11.1,7,146.6,11,1,7.9,5,131,74,8.2,14.6,3.12
Kenneth Gainwell,77737,HB,PHI,11,-0.3,3,63.6,0.0,0,1,1,0.0,0,2,24,0,76.5,84.5,52.7,27.6,59.0,0.0,0,0,11,23.3,24,103,1,7,69.9,72,5.8,6,73.7,11,0,14.6,15,49,46,6.6,7.0,0.68
Derrick Henry,10679,HB,BLT,12,-2.7,2,90.9,100.0,1,1,0,0.0,0,5,3,0,78.7,56.6,91.9,88.2,62.4,1.2,2,0,27,19.8,32,162,2,10,71.6,116,2.5,4,142.6,11,2,1.9,3,96,120,12.0,9.6,0.83
Michael Mayer,122906,TE,LV,5,4.1,0,63.6,50.0,1,2,0,0.0,0,3,23,0,76.5,70.1,58.1,59.6,59.3,63.7,72,0,11,12.4,14,113,1,7,85.0,96,27.4,31,69.1,11,0,7.1,8,37,12,1.7,5.3,0.39
JaMycal Hasty,25582,HB,NE,10,-0.8,6,90.9,,0,0,0,0.0,0,2,19,0,78.0,81.2,71.2,85.4,66.3,1.2,1,0,16,13.4,11,82,0,10,80.5,66,1.2,1,119.3,11,1,8.5,7,59,72,7.2,5.9,0.89
Cam Akers,57206,HB,MIN,8,-0.3,0,90.9,100.0,2,2,0,0.0,0,2,18,0,78.0,59.5,65.3,31.8,60.4,2.1,2,0,9,15.5,15,97,0,10,77.3,75,3.1,3,124.8,11,2,3.1,3,49,51,5.1,4.9,0.65
Malik Washington,97108,WR,MIA,8,3.3,0,72.7,0.0,0,2,1,0.0,0,1,17,0,76.5,79.0,52.7,64.9,55.9,2.2,2,0,17,1.1,1,91,2,8,97.8,89,49.5,45,80.1,11,0,48.4,44,46,32,4.0,5.8,0.52
Durham Smythe,47257,TE,MIA,11,6.5,0,54.5,33.3,1,3,0,25.0,2,1,17,0,29.8,68.8,42.6,50.8,42.4,49.1,52,0,8,26.4,28,106,3,6,73.6,78,36.8,39,60.0,11,0,10.4,11,32,12,2.0,5.3,0.41
Drew Sample,47259,TE,CIN,11,2.2,2,81.8,50.0,1,2,0,0.0,0,3,7,1,77.3,19.2,45.6,56.5,42.3,62.6,122,0,12,28.2,55,195,0,9,67.7,132,7.2,14,116.3,11,1,6.7,13,51,34,3.8,5.7,0.39
Emanuel Wilson,154173,HB,GB,11,-4.4,4,90.0,0.0,0,1,0,0.0,0,3,12,0,79.4,85.2,81.9,68.7,63.5,0.0,0,0,30,22.4,22,98,1,9,73.5,72,6.1,6,119.2,10,1,10.2,10,46,87,9.7,5.1,0.64
Jalen Reagor,61697,WR,LAC,6,11.7,0,60.0,66.7,2,3,0,0.0,0,3,27,1,75.6,21.0,58.2,,59.2,0.0,0,0,41,0.0,0,72,0,6,93.1,67,41.7,30,92.1,10,0,58.3,42,96,25,4.2,16.0,1.43
Greg Dulcich,84068,TE,DEN,4,6.4,1,50.0,100.0,1,1,0,28.6,2,0,10,0,29.7,68.8,38.4,39.4,42.9,39.2,40,0,9,6.9,7,102,0,5,85.3,87,41.2,42,56.3,10,0,19.6,20,28,16,3.2,5.6,0.32
Gerald Everett,11799,TE,CHI,10,2.1,2,70.0,,0,0,0,12.5,1,1,6,0,52.1,69.5,45.2,70.2,42.2,39.1,50,0,17,8.6,11,128,0,7,85.2,109,39.1,50,72.9,10,0,10.9,14,30,37,5.3,4.3,0.28
Ray Davis,101072,HB,BUF,11,2.4,1,100.0,,0,0,1,0.0,0,4,4,0,78.0,85.9,73.0,47.3,74.9,0.0,0,0,63,8.1,5,62,1,10,83.9,52,6.5,4,152.1,10,1,3.2,2,149,125,12.5,14.9,2.87
Andrew Ogletree,138351,TE,IND,12,6.5,0,70.0,100.0,1,1,0,12.5,1,4,14,0,52.1,69.5,66.2,69.6,56.0,69.7,83,0,22,34.5,41,119,1,7,61.3,73,22.7,27,121.2,10,1,6.7,8,66,41,5.9,9.4,0.9
Tyler Allgeier,83639,HB,ATL,11,-0.2,4,100.0,,0,0,0,0.0,0,2,2,0,77.3,87.1,84.8,54.0,65.5,0.0,0,0,13,23.3,21,90,0,9,73.3,66,4.4,4,92.6,9,0,3.3,3,56,58,6.4,6.2,0.85
Xavier Gipson,104136,WR,NYJ,11,12.3,0,55.6,50.0,1,2,0,16.7,1,3,22,0,45.8,54.4,48.7,,51.2,0.0,0,0,17,0.0,0,112,0,5,92.9,104,47.3,53,103.9,9,1,52.7,59,40,20,4.0,8.0,0.38
Trenton Irwin,48080,WR,CIN,7,9.3,0,33.3,0.0,0,3,0,0.0,0,1,7,0,70.5,78.4,45.5,68.9,47.9,0.0,0,0,6,2.5,2,80,1,3,87.5,70,53.8,43,42.4,9,0,46.3,37,15,5,1.7,5.0,0.21
Sean Tucker,123056,HB,TB,6,1.0,4,88.9,,0,0,0,0.0,0,6,30,0,76.5,40.4,80.7,79.5,89.7,0.0,0,0,36,8.6,3,35,0,8,85.7,30,2.9,1,151.9,9,1,0.0,0,104,101,12.6,13.0,3.47
Eric Gray,99143,HB,NYG,9,-2.6,3,88.9,0.0,0,1,0,11.1,1,3,21,0,54.5,24.4,47.5,63.4,62.1,1.7,1,0,19,16.9,10,59,0,8,79.7,47,3.4,2,101.9,9,0,8.5,5,76,98,12.3,9.5,1.62
Rakim Jarrett,129519,WR,TB,4,12.1,1,77.8,50.0,2,4,0,0.0,0,4,30,0,75.6,69.5,64.1,,66.2,0.0,0,0,30,0.0,0,82,0,7,95.1,78,23.2,19,116.2,9,0,76.8,63,107,19,2.7,15.3,1.37
Chris Brooks,83644,HB,GB,6,-1.5,3,87.5,100.0,1,1,0,12.5,1,2,12,0,57.0,77.7,58.3,87.7,53.6,4.0,2,0,15,22.0,11,50,1,7,68.0,34,6.0,3,96.4,8,0,6.0,3,57,73,10.4,8.1,1.68
Zamir White,83665,HB,LV,7,-3.4,4,75.0,0.0,0,1,0,0.0,0,2,23,0,74.6,28.8,42.7,47.8,60.2,0.0,0,0,14,26.9,21,78,0,6,71.8,56,1.3,1,80.2,8,0,7.7,6,30,51,8.5,5.0,0.54
Tyquan Thornton,78092,WR,NE,6,16.3,1,50.0,50.0,1,2,0,20.0,1,2,19,0,41.6,67.0,53.5,,53.0,0.0,0,1,17,0.0,0,69,1,4,94.2,65,13.0,9,28.6,8,0,87.0,60,47,26,6.5,11.8,0.72
Isiah Pacheco,83747,HB,KC,2,-2.0,5,87.5,,0,0,0,12.5,1,3,16,0,54.5,81.3,67.0,77.7,58.2,0.0,0,0,23,6.5,3,46,0,7,87.0,40,10.9,5,94.8,8,0,13.0,6,54,80,11.4,7.7,1.35
Johnny Wilson,76366,WR,PHI,11,13.6,1,25.0,20.0,1,5,0,33.3,1,2,24,0,36.2,65.8,51.4,82.4,49.5,2.0,2,0,9,2.0,2,99,3,2,90.9,90,28.3,28,79.2,8,1,69.7,69,14,6,3.0,7.0,0.16
Carson Steele,145632,HB,KC,11,-0.6,3,62.5,,0,0,0,0.0,0,0,16,0,73.4,22.7,56.4,15.8,51.9,2.4,2,0,9,12.2,10,82,0,5,84.1,69,4.9,4,66.7,8,0,4.9,4,24,35,7.0,4.8,0.35
Ashton Dulin,91479,WR,IND,12,19.0,1,25.0,0.0,0,2,0,0.0,0,2,14,0,70.5,73.9,54.9,70.4,55.9,4.5,3,1,54,3.0,2,67,2,2,86.6,58,43.3,29,62.0,8,1,50.7,34,67,43,21.5,33.5,1.16
Cordarrelle Patterson,7810,HB,PIT,7,3.0,1,75.0,33.3,1,3,0,0.0,0,2,25,0,74.6,79.9,65.0,75.5,61.7,0.0,0,1,14,10.8,4,37,1,6,81.1,30,18.9,7,42.7,8,0,48.6,18,34,26,4.3,5.7,1.13
Brandon Powell,48036,WR,MIN,11,11.0,0,62.5,0.0,0,1,1,0.0,0,4,18,0,73.4,84.0,58.5,70.7,60.2,0.0,0,0,13,1.8,2,112,2,5,92.9,104,50.0,56,80.7,8,0,50.0,56,51,7,1.4,10.2,0.49
Trent Sherfield,48021,WR,MIN,11,7.0,0,87.5,,0,0,0,0.0,0,3,18,0,75.6,69.5,68.0,65.7,71.2,2.2,1,1,17,2.2,1,45,1,7,95.6,43,51.1,23,106.8,8,1,46.7,21,77,37,5.3,11.0,1.79
Treylon Burks,99218,WR,TEN,5,16.5,1,50.0,0.0,0,2,0,20.0,1,3,31,0,41.6,70.7,52.2,,53.3,0.0,0,1,13,0.0,0,81,0,4,97.5,79,21.0,17,21.9,8,0,79.0,64,34,4,1.0,8.5,0.43
Nate Adkins,87625,TE,DEN,12,6.3,0,85.7,100.0,1,1,0,14.3,1,2,10,0,49.2,68.8,49.9,60.3,45.8,71.6,83,0,12,22.4,26,116,1,6,71.6,83,17.2,20,126.5,7,2,9.5,11,34,14,2.3,5.7,0.41
Tylan Wallace,61577,WR,BLT,10,7.9,3,100.0,,0,0,0,0.0,0,4,3,0,75.6,79.7,82.5,28.9,80.2,4.5,2,0,84,0.0,0,44,0,7,88.6,39,31.8,14,158.3,7,1,63.6,28,169,114,16.3,24.1,4.33
John Bates,42275,TE,WAS,12,3.0,2,85.7,100.0,1,1,1,0.0,0,1,32,1,74.6,16.9,50.0,53.7,42.0,81.4,114,0,20,31.4,44,140,3,6,63.6,89,12.9,18,104.8,7,0,1.4,2,64,38,6.3,10.7,0.72
Luke Musgrave,98499,TE,GB,4,6.1,0,71.4,0.0,0,1,0,0.0,0,1,12,0,74.6,68.8,47.0,22.5,49.5,54.0,27,1,6,6.0,3,50,0,5,90.0,45,24.0,12,35.1,7,0,22.0,11,22,16,3.2,4.4,0.49
Alec Ingold,34934,FB,MIA,9,3.3,0,100.0,100.0,1,1,0,0.0,0,2,17,0,75.6,16.4,48.2,64.3,55.4,18.4,14,0,25,17.1,13,76,1,7,77.6,59,39.5,30,102.4,7,0,9.2,7,60,37,5.3,8.6,1.02
Britain Covey,32933,WR,PHI,4,0.6,0,100.0,100.0,1,1,0,0.0,0,2,24,0,77.3,77.1,72.1,,69.4,0.0,0,0,11,0.0,0,31,0,7,90.3,28,80.6,25,86.9,7,0,19.4,6,34,30,4.3,4.9,1.21
Pharaoh Brown,12247,TE,SEA,9,4.0,1,71.4,0.0,0,1,0,0.0,0,1,29,0,73.4,68.0,49.8,33.8,52.3,73.0,54,0,13,25.7,19,74,4,5,71.6,53,21.6,16,84.2,7,0,4.1,3,38,19,3.8,7.6,0.72
Eric Saubert,11929,TE,SF,11,10.3,1,71.4,100.0,1,1,1,0.0,0,2,28,0,73.4,68.0,46.5,34.1,50.1,55.2,69,0,17,12.0,15,125,4,5,82.4,103,32.0,40,105.7,7,0,7.2,9,74,30,6.0,14.8,0.72
Michael Burton,9601,FB,DEN,12,3.0,0,100.0,,0,0,0,0.0,0,1,10,0,75.6,72.9,64.5,83.5,56.4,14.5,8,0,28,16.4,9,55,0,7,81.8,45,3.6,2,94.0,7,0,12.7,7,46,25,3.6,6.6,1.02
Chris Conley,9509,WR,SF,9,21.9,0,14.3,0.0,0,2,0,0.0,0,0,28,0,64.7,61.2,50.9,66.8,47.6,1.1,1,1,4,1.1,1,87,1,1,92.0,80,23.0,20,0.0,7,0,75.9,66,4,0,0.0,4.0,0.05
Will Mallory,77888,TE,IND,7,10.2,1,50.0,50.0,1,2,0,0.0,0,1,14,0,70.5,65.8,48.4,,51.6,11.9,7,0,10,0.0,0,59,0,3,96.6,57,69.5,41,59.0,6,0,18.6,11,22,4,1.3,7.3,0.39
Ty Chandler,62942,HB,MIN,9,-2.2,0,100.0,,0,0,0,0.0,0,2,18,0,74.6,83.8,54.3,45.9,61.2,9.8,8,0,10,22.0,18,82,1,6,68.3,56,1.2,1,95.8,6,0,3.7,3,42,55,9.2,7.0,0.75
Malik Heath,124173,WR,GB,6,5.8,0,100.0,100.0,2,2,2,0.0,0,3,12,0,74.6,68.8,60.3,,64.9,0.0,0,0,12,0.0,0,39,3,6,94.9,37,10.3,4,134.7,6,1,89.7,35,41,11,1.8,6.8,1.11
Ryan Flournoy,159617,WR,DAL,7,13.8,2,66.7,0.0,0,1,0,0.0,0,2,9,1,73.4,16.0,59.6,,57.3,0.0,0,0,15,0.0,0,77,0,4,92.2,71,18.2,14,88.2,6,0,80.5,62,44,18,4.5,11.0,0.62
Derius Davis,78196,WR,LAC,7,2.7,2,83.3,,0,0,0,0.0,0,2,27,0,73.4,85.9,74.7,,72.7,0.0,0,0,17,0.0,0,33,0,5,93.9,31,66.7,22,96.5,6,0,33.3,11,43,67,13.4,8.6,1.39
Parris Campbell,47940,WR,PHI,4,5.2,0,100.0,,0,0,0,0.0,0,1,24,0,75.6,69.5,54.8,,54.7,0.0,0,0,7,0.0,0,67,0,6,97.0,65,65.7,44,127.1,6,1,34.3,23,30,7,1.2,5.0,0.46
Connor Heyward,57301,TE,PIT,10,9.3,0,66.7,0.0,0,1,1,0.0,0,1,25,0,72.1,67.0,49.8,83.8,59.0,26.0,13,0,16,26.0,13,50,6,4,68.0,34,18.0,9,117.4,6,1,6.0,3,29,7,1.8,7.3,0.85
Jordan Mims,57209,HB,NO,5,-1.4,1,80.0,,0,0,0,0.0,0,2,20,0,73.4,76.9,63.5,73.7,63.8,0.0,0,0,25,29.0,9,31,0,4,64.5,20,9.7,3,101.7,5,0,6.5,2,42,45,11.3,10.5,2.1
Laviska Shenault Jr.,61220,WR,SEA,8,-2.0,1,100.0,,0,0,0,0.0,0,2,29,0,45.8,26.3,54.8,,61.6,0.0,0,0,18,0.0,0,22,1,5,95.5,21,77.3,17,96.7,5,0,22.7,5,36,46,9.2,7.2,1.71
KhaDarel Hodge,26104,WR,ATL,9,5.0,4,100.0,100.0,2,2,0,0.0,0,4,2,0,73.4,68.0,66.3,,70.8,0.0,0,0,45,0.0,0,64,1,5,93.8,60,35.9,23,158.3,5,1,62.5,40,98,73,14.6,19.6,1.63
Hunter Long,60859,TE,LA,11,5.0,1,100.0,,0,0,1,0.0,0,1,26,0,73.4,68.0,61.9,67.2,57.7,80.9,55,0,18,26.5,18,68,4,5,70.6,48,14.7,10,102.5,5,0,4.4,3,43,18,3.6,8.6,0.9
Trey Benson,131705,HB,ARZ,9,-3.2,4,100.0,,0,0,0,0.0,0,3,1,0,73.4,48.2,62.7,85.6,74.2,0.0,0,0,19,20.9,9,43,0,5,72.1,31,0.0,0,112.5,5,0,20.9,9,55,71,14.2,11.0,1.77
Isaac Guerendo,83806,HB,SF,9,1.0,1,80.0,,0,0,0,20.0,1,2,28,1,42.1,21.3,53.9,33.3,29.7,2.1,1,0,12,10.4,5,48,0,4,87.5,42,8.3,4,85.0,5,0,4.2,2,22,21,5.3,5.5,0.52
Nick Chubb,45783,HB,CLV,5,0.6,0,60.0,,0,0,0,25.0,1,1,8,0,36.8,85.6,61.2,41.1,43.3,2.6,2,0,10,19.2,15,78,0,3,70.5,55,2.6,2,64.6,5,0,0.0,0,7,8,2.7,2.3,0.13
D'Onta Foreman,11844,HB,CLV,8,0.8,2,100.0,,0,0,0,0.0,0,1,8,0,74.6,49.7,60.2,41.2,65.9,3.4,2,0,16,32.8,19,58,1,5,58.6,34,1.7,1,105.0,5,0,1.7,1,46,42,8.4,9.2,1.35
Allen Robinson II,8696,WR,DET,6,5.0,0,40.0,0.0,0,1,0,33.3,1,2,11,0,29.9,64.0,53.1,,57.5,0.0,0,0,7,0.0,0,26,1,2,100.0,26,53.8,14,47.9,5,0,46.2,12,9,1,0.5,4.5,0.35
Ronnie Bell,84288,WR,SF,8,13.4,0,40.0,0.0,0,1,0,50.0,2,2,28,0,27.3,66.8,46.1,,45.9,1.3,1,1,12,0.0,0,75,0,2,90.7,68,29.3,22,14.2,5,0,69.3,52,22,2,1.0,11.0,0.32
Ian Thomas,42130,TE,CAR,5,4.6,0,60.0,,0,0,0,25.0,1,1,5,0,36.2,65.8,52.8,71.1,46.1,84.6,33,1,3,30.8,12,39,0,3,61.5,24,12.8,5,25.0,5,0,0.0,0,7,6,2.0,2.3,0.29
Eric Tomlinson,9786,TE,LAC,7,1.5,1,50.0,0.0,0,1,0,33.3,1,0,27,0,30.0,64.0,37.4,78.0,32.1,84.2,32,0,7,31.6,12,38,2,2,68.4,26,2.6,1,56.3,4,0,7.9,3,9,11,5.5,4.5,0.35
Malachi Corley,66272,WR,NYJ,4,5.5,0,75.0,100.0,2,2,0,0.0,0,1,22,0,70.5,13.1,54.4,66.1,64.7,0.0,0,0,10,4.3,1,23,0,3,95.7,22,30.4,7,81.3,4,0,69.6,16,16,4,1.3,5.3,0.73
Jamaal Williams,11889,HB,NO,8,-1.8,0,100.0,,0,0,0,0.0,0,1,20,0,73.4,81.7,65.8,60.9,57.5,1.5,1,0,13,31.8,21,66,0,4,62.1,41,9.1,6,88.5,4,0,1.5,1,21,28,7.0,5.3,0.51
Deuce Vaughn,122624,HB,DAL,4,0.5,2,75.0,,0,0,0,0.0,0,0,9,0,72.1,74.9,55.7,16.0,65.5,0.0,0,0,8,8.7,2,23,0,3,78.3,18,0.0,0,83.3,4,0,4.3,1,18,12,4.0,6.0,1.0
Tanner Conner,22777,TE,MIA,5,12.5,0,75.0,,0,0,1,0.0,0,1,17,0,70.5,65.8,49.0,,53.4,22.2,4,0,11,0.0,0,18,1,3,100.0,18,50.0,9,81.3,4,0,22.2,4,16,5,1.7,5.3,0.89
MyCole Pruitt,9576,TE,PIT,6,7.0,0,50.0,,0,0,0,0.0,0,0,25,0,70.5,65.8,48.2,83.1,45.5,70.0,42,0,10,30.0,18,60,0,2,58.3,35,16.7,10,63.5,4,0,3.3,2,19,3,1.5,9.5,0.54
Scott Miller,47481,WR,PIT,7,15.0,2,50.0,0.0,0,1,0,0.0,0,1,25,0,68.3,64.0,61.5,,60.9,0.0,0,0,20,0.0,0,51,0,2,96.1,49,19.6,10,76.0,4,0,80.4,41,31,24,12.0,15.5,0.63
Tank Bigsby,123974,HB,JAX,9,-2.3,3,75.0,,0,0,0,25.0,1,1,15,0,36.2,28.2,75.4,35.1,42.3,0.0,0,0,28,15.9,14,88,0,3,83.0,73,0.0,0,102.1,4,0,9.1,8,36,43,14.3,12.0,0.49
Blake Whiteheart,77881,TE,CLV,5,10.0,0,100.0,100.0,1,1,0,0.0,0,2,8,0,73.4,68.0,72.6,75.9,74.5,61.0,25,0,29,14.6,6,41,0,4,73.2,30,17.1,7,150.0,4,1,17.1,7,42,6,1.5,10.5,1.4
Blake Corum,129574,HB,LA,6,-1.3,1,100.0,,0,0,0,0.0,0,2,26,0,72.1,81.5,71.6,52.8,72.0,0.0,0,0,9,36.4,8,22,0,4,59.1,13,0.0,0,99.0,4,0,0.0,0,31,36,9.0,7.8,2.38
Braxton Berrios,47961,WR,MIA,6,8.3,0,0.0,0.0,0,2,0,,0,0,17,0,64.7,82.3,44.9,,46.9,0.0,0,0,0,0.0,0,85,0,0,92.9,79,55.3,47,39.6,4,0,44.7,38,0,0,,,0.0
Robbie Chosen,11254,WR,MIA,2,12.8,0,25.0,0.0,0,1,0,0.0,0,0,17,0,64.7,61.2,51.8,,52.8,0.0,0,1,5,0.0,0,21,0,1,100.0,21,38.1,8,0.0,4,0,61.9,13,5,1,1.0,5.0,0.24
Tim Jones,61669,WR,JAX,9,6.3,0,50.0,100.0,1,1,0,0.0,0,2,15,0,68.3,66.8,51.4,64.9,55.9,2.1,1,0,20,2.1,1,48,2,2,89.6,43,31.3,15,75.0,4,0,66.7,32,30,19,9.5,15.0,0.7
Kevin Austin Jr.,84345,WR,NO,2,9.8,0,75.0,100.0,1,1,0,0.0,0,3,20,0,70.5,65.8,70.0,75.5,72.0,0.0,0,0,22,12.1,4,33,1,3,84.8,28,27.3,9,116.7,4,0,72.7,24,54,14,4.7,18.0,1.93
Isaiah Williams,97156,WR,CIN,1,2.3,2,66.7,,0,0,0,0.0,0,0,7,0,68.3,66.8,60.2,,60.3,0.0,0,0,4,0.0,0,3,0,2,100.0,3,66.7,2,70.1,3,0,33.3,1,6,7,3.5,3.0,2.0
Patrick Ricard,48862,FB,BLT,12,3.0,0,66.7,,0,0,0,33.3,1,1,3,0,29.9,64.0,55.5,71.8,36.8,59.6,56,0,5,45.7,43,94,1,2,51.1,48,7.4,7,109.7,3,1,3.2,3,8,6,3.0,4.0,0.17
Deven Thompkins,84480,WR,CAR,3,-4.3,1,100.0,,0,0,0,0.0,0,1,5,0,70.5,67.4,62.3,,65.7,0.0,0,0,12,0.0,0,11,0,3,100.0,11,81.8,9,84.7,3,0,18.2,2,13,26,8.7,4.3,1.18
Daniel Bellinger,84041,TE,NYG,10,7.0,0,100.0,100.0,1,1,0,0.0,0,2,21,0,72.1,67.0,58.6,81.0,58.1,41.7,25,0,17,10.0,6,60,2,3,80.0,48,40.0,24,109.7,3,0,11.7,7,31,10,3.3,10.3,0.65
Austin Trammell,52195,WR,JAX,1,14.7,0,66.7,0.0,0,1,0,0.0,0,2,15,0,68.3,15.8,64.9,,65.0,0.0,0,0,22,0.0,0,24,0,2,95.8,23,62.5,15,109.7,3,0,37.5,9,40,9,4.5,20.0,1.74
Tucker Fisk,52286,TE,LAC,3,4.0,0,66.7,0.0,0,1,0,0.0,0,0,27,0,68.3,64.0,62.5,66.7,49.9,80.0,16,0,7,40.0,8,20,1,2,60.0,12,10.0,2,75.7,3,0,0.0,0,13,9,4.5,6.5,1.08
Tyler Badie,83714,HB,DEN,3,-1.7,0,100.0,,0,0,0,0.0,0,0,10,1,70.5,23.2,62.0,,26.5,0.0,0,0,2,0.0,0,7,0,3,85.7,6,0.0,0,79.2,3,0,0.0,0,-2,3,1.0,-0.7,-0.33
Charlie Woerner,42257,TE,ATL,10,3.0,0,66.7,0.0,0,1,0,0.0,0,1,2,0,68.3,64.0,67.8,68.0,51.8,65.7,46,0,13,35.7,25,70,0,2,61.4,43,20.0,14,81.3,3,0,11.4,8,17,10,5.0,8.5,0.4
Kenny Yeboah,42196,TE,NYJ,3,0.3,0,100.0,,0,0,0,0.0,0,2,22,0,70.5,65.8,89.9,,92.6,100.0,3,0,12,0.0,0,3,0,3,100.0,3,0.0,0,143.8,3,1,0.0,0,27,26,8.7,9.0,9.0
Jack Stoll,42058,TE,MIA,7,4.0,0,66.7,0.0,0,1,0,0.0,0,0,17,0,68.3,64.0,46.2,63.8,46.1,55.9,33,0,6,23.7,14,59,1,2,71.2,42,33.9,20,71.5,3,0,6.8,4,10,2,1.0,5.0,0.24
David Bell,97989,WR,CLV,1,6.0,1,100.0,100.0,1,1,0,0.0,0,1,8,0,70.5,65.8,78.7,,72.3,0.0,0,0,12,0.0,0,5,0,3,100.0,5,60.0,3,104.2,3,0,40.0,2,27,9,3.0,9.0,5.4
Ramel Keyton,99204,WR,LV,3,12.0,0,33.3,100.0,1,1,0,0.0,0,1,23,0,64.7,61.2,58.0,,57.7,0.0,0,0,7,0.0,0,29,0,1,89.7,26,0.0,0,42.4,3,0,100.0,29,7,0,0.0,7.0,0.27
Ainias Smith,99207,WR,PHI,5,-0.3,0,100.0,,0,0,0,0.0,0,0,24,0,72.1,68.3,56.4,,58.7,0.0,0,0,5,0.0,0,12,0,3,91.7,11,83.3,10,79.2,3,0,16.7,2,6,7,2.3,2.0,0.55
Devin Duvernay,40006,WR,JAX,6,19.0,0,33.3,,0,0,0,0.0,0,0,15,0,64.7,82.4,56.4,,51.3,3.2,1,0,-1,0.0,0,31,0,1,93.5,29,48.4,15,42.4,3,0,48.4,15,-1,3,3.0,-1.0,-0.03
Adam Prentice,35639,FB,NO,11,2.3,0,0.0,0.0,0,2,0,,0,0,20,0,,,52.9,54.0,47.2,17.5,11,0,0,34.9,22,63,0,0,61.9,39,15.9,10,39.6,3,0,11.1,7,0,0,,,0.0
Jaylen Wright,146934,HB,MIA,10,-0.7,0,33.3,100.0,1,1,0,50.0,1,0,17,0,30.0,50.7,69.3,79.7,39.3,0.0,0,0,2,8.1,6,74,0,1,86.5,64,18.9,14,42.4,3,0,9.5,7,2,0,0.0,2.0,0.03
Scott Matlock,82482,DI,LAC,11,2.3,0,66.7,,0,0,0,33.3,1,0,27,0,30.0,64.0,41.5,61.8,49.2,39.7,27,0,9,55.9,38,68,1,2,42.6,29,35.3,24,79.9,3,0,1.5,1,16,11,5.5,8.0,0.55
Audric Estime,147476,HB,DEN,7,-2.0,0,100.0,,0,0,0,0.0,0,1,10,0,72.1,24.2,59.3,77.9,73.5,0.0,0,0,11,16.7,4,24,0,3,75.0,18,0.0,0,79.2,3,0,0.0,0,9,15,5.0,3.0,0.5
Jha'Quan Jackson,101135,WR,TEN,5,25.0,0,33.3,,0,0,0,0.0,0,1,31,0,68.3,23.3,70.3,,68.9,0.0,0,0,8,0.0,0,17,0,1,88.2,15,58.8,10,42.4,3,0,29.4,5,8,3,3.0,8.0,0.53
Kristian Wilkerson,28729,WR,LV,2,4.7,0,66.7,,0,0,0,0.0,0,2,23,0,68.3,64.0,59.9,,63.3,0.0,0,0,9,0.0,0,26,0,2,96.2,25,11.5,3,122.2,3,1,88.5,23,18,12,6.0,9.0,0.72
J.J. Taylor,25512,HB,HST,4,-2.0,0,66.7,100.0,1,1,0,33.3,1,0,13,0,29.9,73.9,59.5,30.5,36.8,0.0,0,0,2,21.7,5,23,0,2,73.9,17,4.3,1,70.1,3,0,8.7,2,0,1,0.5,0.0,0.0
Stone Smartt,60492,TE,LAC,8,15.3,0,66.7,,0,0,0,33.3,1,2,27,0,29.9,64.0,61.7,,61.7,40.0,10,0,31,0.0,0,25,0,2,84.0,21,52.0,13,109.7,3,0,8.0,2,41,12,6.0,20.5,1.95
Grant DuBose,111276,WR,MIA,2,17.0,0,33.3,0.0,0,1,0,0.0,0,1,17,0,64.7,61.2,53.8,,51.4,0.0,0,1,13,0.0,0,28,0,1,92.9,26,35.7,10,8.3,3,0,64.3,18,13,1,1.0,13.0,0.5
Ben Sinnott,122616,TE,WAS,12,1.0,0,100.0,,0,0,0,0.0,0,2,32,0,70.5,65.8,56.0,80.4,49.3,52.9,46,0,12,14.9,13,87,3,3,78.2,68,24.1,21,131.3,3,1,13.8,12,18,15,5.0,6.0,0.26
Kendre Miller,123091,HB,NO,2,1.0,0,66.7,,0,0,0,33.3,1,0,20,0,30.0,75.0,71.9,35.5,32.5,0.0,0,0,6,33.3,6,18,0,2,66.7,12,0.0,0,70.1,3,0,0.0,0,1,2,1.0,0.5,0.08
Kimani Vidal,123727,HB,LAC,4,7.0,0,100.0,,0,0,0,0.0,0,1,27,0,70.5,77.0,61.3,65.6,63.3,0.0,0,0,38,13.2,5,38,0,3,78.9,30,5.3,2,158.3,3,1,2.6,1,49,28,9.3,16.3,1.63
Ben Sims,77918,TE,GB,9,7.3,0,100.0,,0,0,0,0.0,0,1,12,0,70.5,65.8,63.5,66.3,60.5,75.0,36,0,28,2.1,1,48,0,3,95.8,46,14.6,7,118.8,3,0,8.3,4,40,18,6.0,13.3,0.87
C.J. Ham,11347,FB,MIN,11,-0.3,0,66.7,,0,0,0,0.0,0,0,18,1,68.3,15.3,57.8,83.8,30.1,12.5,10,0,8,40.0,32,80,0,2,52.5,42,8.8,7,72.9,3,0,2.5,2,11,7,3.5,5.5,0.26
Brevin Jordan,77887,TE,HST,2,-0.7,0,66.7,,0,0,0,0.0,0,1,13,0,68.3,64.0,65.7,59.0,61.1,70.8,17,0,4,20.8,5,24,0,2,75.0,18,8.3,2,70.1,3,0,16.7,4,7,4,2.0,3.5,0.39
Peyton Hendershot,60915,TE,KC,4,3.3,1,100.0,100.0,1,1,0,0.0,0,1,16,0,70.5,65.8,84.3,70.2,91.3,87.5,14,0,11,6.3,1,16,0,3,87.5,14,6.3,1,102.8,3,0,6.3,1,26,16,5.3,8.7,1.86
Cody White,61448,WR,SEA,3,13.0,2,66.7,0.0,0,1,0,0.0,0,2,29,0,68.3,64.0,67.3,,67.6,0.0,0,0,28,0.0,0,29,0,2,93.1,27,10.3,3,109.7,3,0,89.7,26,44,14,7.0,22.0,1.63
Bryce Oliver,84248,WR,TEN,4,14.3,0,100.0,,0,0,0,0.0,0,2,31,0,70.5,65.8,87.9,,86.8,0.0,0,0,33,0.0,0,7,0,3,100.0,7,0.0,0,118.8,3,0,100.0,7,56,13,4.3,18.7,8.0
Alex Bachman,47996,WR,LV,4,7.0,1,100.0,,0,0,0,0.0,0,2,23,0,70.5,72.6,53.8,,56.8,0.0,0,0,18,0.0,0,51,0,3,90.2,46,49.0,25,109.7,3,0,51.0,26,31,10,3.3,10.3,0.67
Isaiah Hodgins,52130,WR,NYG,3,5.5,0,100.0,,0,0,0,0.0,0,0,21,0,68.3,64.0,54.3,,52.0,3.7,1,0,7,0.0,0,27,0,2,96.3,26,37.0,10,91.7,2,0,59.3,16,12,1,0.5,6.0,0.46
Quintin Morris,61182,TE,BUF,8,19.0,0,50.0,100.0,1,1,0,0.0,0,1,4,0,64.7,61.2,46.4,71.0,53.2,40.0,16,0,2,7.5,3,40,1,1,92.5,37,42.5,17,95.8,2,1,17.5,7,2,0,0.0,2.0,0.05
Tip Reiman,129423,TE,ARZ,11,1.0,1,100.0,,0,0,0,0.0,0,0,1,0,68.3,64.0,48.0,74.9,42.0,81.6,84,0,5,38.8,40,103,3,2,61.2,63,10.7,11,79.2,2,0,5.8,6,6,4,2.0,3.0,0.1
Payne Durham,84037,TE,TB,10,12.0,0,100.0,100.0,1,1,0,0.0,0,1,30,0,68.3,64.0,59.3,82.3,55.8,63.2,36,0,26,28.1,16,57,1,2,71.9,41,31.6,18,118.8,2,0,1.8,1,34,10,5.0,17.0,0.83
Xavier Smith,102585,WR,LA,4,0.5,0,100.0,,0,0,0,0.0,0,1,26,0,68.3,83.5,75.4,,69.1,0.0,0,0,11,0.0,0,7,0,2,100.0,7,85.7,6,79.2,2,0,14.3,1,6,5,2.5,3.0,0.86
Jeremy McNichols,11917,HB,WAS,10,-1.5,0,100.0,,0,0,0,0.0,0,0,32,0,68.3,82.4,69.2,48.9,46.2,0.0,0,0,6,20.2,19,94,1,2,78.7,74,21.3,20,81.3,2,0,2.1,2,7,10,5.0,3.5,0.09
Zay Jones,11792,WR,ARZ,5,4.5,0,50.0,,0,0,0,0.0,0,1,1,0,64.7,61.2,52.5,,52.5,0.0,0,0,3,0.0,0,56,0,1,91.1,51,21.4,12,56.3,2,0,78.6,44,3,5,5.0,3.0,0.06
Josiah Deguara,47034,TE,JAX,3,0.0,0,100.0,,0,0,0,0.0,0,0,15,0,68.3,64.0,49.3,81.5,54.1,35.3,6,0,8,17.6,3,17,1,2,76.5,13,23.5,4,87.5,2,0,35.3,6,10,10,5.0,5.0,0.77
John Ross,11764,WR,PHI,1,23.5,0,50.0,,0,0,0,0.0,0,1,24,0,64.7,61.2,55.9,,56.2,0.0,0,0,6,0.0,0,11,0,1,90.9,10,18.2,2,56.3,2,0,81.8,9,6,2,2.0,6.0,0.6
Jacob Cowing,100894,WR,SF,4,17.0,0,100.0,,0,0,0,0.0,0,1,28,0,68.3,81.9,72.6,,73.7,0.0,0,0,41,0.0,0,16,0,2,93.8,15,43.8,7,118.8,2,0,56.3,9,50,16,8.0,25.0,3.33
Skyy Moore,97116,WR,KC,5,5.5,0,0.0,,0,0,0,100.0,2,0,16,0,25.5,66.5,39.7,,39.3,0.0,0,0,0,0.0,0,31,0,0,93.5,29,38.7,12,39.6,2,0,61.3,19,0,0,,,0.0
Khalil Herbert,41668,HB,CIN,5,-1.0,0,100.0,,0,0,0,0.0,0,0,7,0,68.3,75.0,56.4,42.7,57.1,0.0,0,0,2,18.8,3,16,0,2,75.0,12,18.8,3,79.2,2,0,6.3,1,4,6,3.0,2.0,0.33
Gus Edwards,46027,HB,LAC,7,-3.0,0,50.0,,0,0,0,0.0,0,0,27,0,64.7,84.6,61.0,73.6,51.3,0.0,0,0,2,21.7,10,46,0,1,76.1,35,4.3,2,56.3,2,0,0.0,0,2,3,3.0,2.0,0.06
Jody Fortson,94384,TE,KC,3,4.5,0,50.0,,0,0,0,0.0,0,1,16,0,64.7,61.2,54.0,,51.5,5.9,1,1,5,0.0,0,17,1,1,94.1,16,47.1,8,16.7,2,0,47.1,8,5,3,3.0,5.0,0.31
D'Wayne Eskridge,29573,WR,MIA,4,9.0,0,100.0,,0,0,0,0.0,0,2,17,0,68.3,71.4,72.8,,72.4,0.0,0,0,30,0.0,0,20,0,2,85.0,17,10.0,2,118.8,2,0,90.0,18,36,18,9.0,18.0,2.12
Jeff Wilson Jr.,29413,HB,MIA,3,-0.5,0,100.0,,0,0,0,0.0,0,0,17,0,68.3,73.4,60.0,79.9,54.7,0.0,0,0,6,12.5,3,24,0,2,87.5,21,25.0,6,91.7,2,0,12.5,3,12,13,6.5,6.0,0.57
Dante Pettis,48113,WR,NO,2,1.0,1,100.0,,0,0,0,0.0,0,1,20,0,68.3,74.1,72.2,,70.3,0.0,0,0,9,0.0,0,5,0,2,100.0,5,60.0,3,102.1,2,0,40.0,2,17,15,7.5,8.5,3.4
Jaheim Bell,124225,TE,NE,6,2.0,0,50.0,0.0,0,1,0,0.0,0,0,19,0,64.7,61.2,55.6,62.3,52.6,23.5,4,0,1,5.9,1,17,0,1,88.2,15,47.1,8,56.3,2,0,23.5,4,1,3,3.0,1.0,0.07
Erik Ezukanma,78148,WR,MIA,1,31.5,0,0.0,,0,0,0,,0,0,17,0,,,54.6,,55.0,0.0,0,0,0,0.0,0,8,0,0,87.5,7,37.5,3,39.6,2,0,62.5,5,0,0,,,0.0
Julius Chestnut,109239,HB,TEN,6,-2.0,0,100.0,,0,0,0,0.0,0,0,31,0,68.3,79.0,71.5,83.3,65.6,0.0,0,0,9,31.6,6,19,0,2,68.4,13,5.3,1,89.6,2,0,5.3,1,11,15,7.5,5.5,0.85
Casey Washington,101710,WR,ATL,2,17.5,1,50.0,0.0,0,1,0,0.0,0,1,2,0,64.7,61.2,76.0,,73.4,0.0,0,0,14,0.0,0,3,0,1,100.0,3,33.3,1,72.9,2,0,66.7,2,14,11,11.0,14.0,4.67
Chris Manhertz,10211,TE,NYG,11,7.5,0,50.0,100.0,1,1,0,0.0,0,1,21,0,68.3,64.0,65.5,76.1,69.2,93.1,81,0,2,65.5,57,87,1,1,32.2,28,5.7,5,95.8,2,1,0.0,0,2,0,0.0,2.0,0.07
James Proche II,48037,WR,CLV,3,-1.0,1,100.0,,0,0,0,0.0,0,0,8,0,64.7,79.9,57.7,,57.3,0.0,0,0,3,0.0,0,6,0,1,100.0,6,66.7,4,79.2,1,0,16.7,1,3,4,4.0,3.0,0.5
Patrick Mahomes,11765,QB,KC,11,-1.0,0,100.0,,0,0,1,0.0,0,0,16,1,,91.6,85.0,,,0.0,0,0,2,0.0,0,468,2,1,0.0,0,0.0,0,79.2,1,0,0.0,0,2,3,3.0,2.0,
MarShawn Lloyd,124247,HB,GB,1,-5.0,0,100.0,,0,0,0,0.0,0,0,12,0,64.7,71.1,53.3,,59.7,0.0,0,0,3,0.0,0,3,0,1,100.0,3,66.7,2,79.2,1,0,0.0,0,3,8,8.0,3.0,1.0
Bo Nix,97790,QB,DEN,12,2.0,0,100.0,100.0,1,1,0,0.0,0,1,10,1,64.7,90.5,72.8,,90.3,0.0,0,0,2,0.0,0,487,6,1,0.4,2,0.0,0,118.8,1,1,0.2,1,2,0,0.0,2.0,1.0
Divine Deablo,42208,LB,LV,1,4.0,1,100.0,,0,0,1,0.0,0,1,23,0,64.7,61.2,95.6,,94.7,0.0,0,0,34,0.0,0,1,1,1,100.0,1,0.0,0,118.8,1,0,0.0,0,34,30,30.0,34.0,34.0
Brycen Tremayne,84425,WR,WAS,1,-4.0,0,100.0,,0,0,0,0.0,0,0,32,0,64.7,61.2,59.1,,59.2,0.0,0,0,-2,0.0,0,2,0,1,100.0,2,0.0,0,79.2,1,0,100.0,2,-2,2,2.0,-2.0,-1.0
Jamari Thrash,97399,WR,CLV,4,3.0,0,100.0,,0,0,0,0.0,0,1,8,0,64.7,61.2,61.4,,61.1,0.0,0,0,11,0.0,0,18,0,1,88.9,16,50.0,9,112.5,1,0,50.0,9,11,8,8.0,11.0,0.69
Sam Franklin Jr.,43580,S,CAR,1,7.0,0,0.0,,0,0,0,,0,0,5,0,,,58.7,,58.2,0.0,0,0,0,0.0,0,1,0,0,100.0,1,0.0,0,39.6,1,0,0.0,0,0,0,,,0.0
C.J. Stroud,129759,QB,HST,12,18.0,0,0.0,,0,0,0,,0,0,13,3,,71.3,74.3,,55.7,0.0,0,0,0,0.0,0,497,2,0,0.6,3,0.0,0,39.6,1,0,0.2,1,0,0,,,0.0
John FitzPatrick,83974,TE,GB,4,2.0,0,100.0,,0,0,0,0.0,0,0,12,0,64.7,61.2,61.8,,53.9,71.4,5,0,2,0.0,0,7,0,1,100.0,7,14.3,1,79.2,1,0,14.3,1,2,0,0.0,2.0,0.29
Taylor Decker,10650,T,DET,10,7.0,0,0.0,0.0,0,1,1,,0,0,11,0,,,73.8,71.9,58.1,0.3,1,0,0,99.7,316,317,3,0,0.3,1,0.0,0,39.6,1,0,0.0,0,0,0,,,0.0
Jared Goff,10635,QB,DET,11,5.0,0,100.0,,0,0,0,0.0,0,1,11,5,64.7,60.4,74.4,62.2,90.7,0.0,0,0,7,0.3,1,353,2,1,0.3,1,0.0,0,135.4,1,1,0.0,0,7,2,2.0,7.0,7.0
Cam Grandy,134552,TE,CIN,1,-2.0,0,100.0,,0,0,0,0.0,0,0,7,0,64.7,61.2,67.5,,58.9,50.0,1,0,0,0.0,0,2,0,1,100.0,2,50.0,1,79.2,1,0,0.0,0,0,2,2.0,0.0,0.0
Isaiah Davis,138299,HB,NYJ,1,3.0,0,100.0,,0,0,0,0.0,0,1,22,0,64.7,76.1,62.1,,79.7,0.0,0,0,10,0.0,0,2,0,1,50.0,1,0.0,0,108.3,1,0,0.0,0,10,7,7.0,10.0,10.0
Juanyeh Thomas,76655,S,DAL,2,4.0,0,100.0,100.0,1,1,0,0.0,0,0,9,0,64.7,73.8,61.1,63.8,61.3,0.0,0,0,4,50.0,1,2,0,1,50.0,1,0.0,0,83.3,1,0,0.0,0,4,0,0.0,4.0,4.0
Kendric Pryor,40408,WR,CIN,1,9.0,0,100.0,100.0,1,1,0,0.0,0,0,7,0,64.7,67.8,65.2,,64.5,0.0,0,0,9,0.0,0,10,0,1,100.0,10,10.0,1,104.2,1,0,90.0,9,9,0,0.0,9.0,0.9
Patrick Taylor,40448,HB,SF,2,3.0,0,100.0,,0,0,0,0.0,0,1,28,0,64.7,75.7,59.5,,68.3,0.0,0,0,12,0.0,0,10,0,1,90.0,9,0.0,0,116.7,1,0,0.0,0,12,9,9.0,12.0,1.33
Ben VanSumeren,82523,LB,PHI,1,0.0,0,100.0,,0,0,0,0.0,0,0,24,0,64.7,61.2,67.8,,64.3,0.0,0,0,0,0.0,0,2,0,1,100.0,2,0.0,0,79.2,1,0,0.0,0,0,0,0.0,0.0,0.0
Feleipe Franks,40217,TE,CAR,4,14.0,0,0.0,0.0,0,1,0,,0,0,5,0,,,64.6,69.1,49.7,66.7,6,0,0,22.2,2,9,0,0,77.8,7,11.1,1,39.6,1,0,0.0,0,0,0,,,0.0
Zach Davidson,143780,TE,BUF,1,4.0,0,100.0,,0,0,0,0.0,0,0,4,0,64.7,61.2,66.1,,58.0,20.0,1,0,5,0.0,0,5,0,1,100.0,5,40.0,2,87.5,1,0,40.0,2,5,1,1.0,5.0,1.0
Shane Zylstra,143786,TE,DET,6,9.0,0,100.0,,0,0,0,0.0,0,1,11,0,64.7,61.2,50.1,8.6,53.5,51.6,16,0,22,3.2,1,31,0,1,96.8,30,19.4,6,118.8,1,0,19.4,6,22,13,13.0,22.0,0.73
Charlie Jones,55038,WR,CIN,6,5.0,0,100.0,,0,0,0,0.0,0,0,7,0,64.7,21.7,51.6,,52.7,0.0,0,0,5,0.0,0,17,0,1,100.0,17,64.7,11,87.5,1,0,35.3,6,5,0,0.0,5.0,0.29
Geoff Swaim,9679,TE,CLV,8,2.0,0,100.0,,0,0,0,0.0,0,0,8,0,64.7,61.2,45.3,65.6,39.8,78.0,64,0,7,37.8,31,82,1,1,56.1,46,8.5,7,95.8,1,0,1.2,1,7,5,5.0,7.0,0.15
Xavier Weaver,101130,WR,ARZ,1,21.0,0,0.0,,0,0,0,,0,0,1,0,,,49.8,,49.8,0.0,0,0,0,0.0,0,30,0,0,90.0,27,33.3,10,39.6,1,0,66.7,20,0,0,,,0.0
Dameon Pierce,83659,HB,HST,5,-1.0,2,100.0,,0,0,0,0.0,0,0,13,0,64.7,78.7,73.1,41.7,53.1,0.0,0,0,1,8.7,2,23,0,1,91.3,21,13.0,3,79.2,1,0,8.7,2,1,2,2.0,1.0,0.05
Tom Kennedy,94379,WR,DET,2,12.0,0,0.0,,0,0,0,,0,0,11,0,,68.7,53.4,,54.4,0.0,0,0,0,0.0,0,9,0,0,100.0,9,22.2,2,39.6,1,0,77.8,7,0,0,,,0.0
Ben Skowronek,27948,WR,PIT,4,4.0,0,100.0,,0,0,0,0.0,0,0,25,0,64.7,61.2,53.9,67.8,53.8,12.5,2,0,4,6.3,1,16,0,1,93.8,15,56.3,9,83.3,1,0,25.0,4,4,0,0.0,4.0,0.27
Velus Jones Jr.,40573,HB,JAX,1,-5.0,0,100.0,,0,0,0,0.0,0,0,15,0,64.7,68.6,71.7,,61.0,0.0,0,0,8,0.0,0,1,0,1,100.0,1,100.0,1,100.0,1,0,0.0,0,8,13,13.0,8.0,8.0
Terrell Jennings,102408,HB,NE,1,-6.0,0,0.0,,0,0,0,,0,0,19,0,,69.7,55.8,75.0,54.6,0.0,0,0,0,11.1,1,9,0,0,88.9,8,0.0,0,39.6,1,0,11.1,1,0,0,,,0.0
Ronnie Rivers,57208,HB,LA,4,-7.0,0,100.0,,0,0,0,0.0,0,0,26,0,64.7,73.6,74.6,53.1,58.2,0.0,0,0,0,44.4,8,18,0,1,55.6,10,0.0,0,79.2,1,0,0.0,0,0,7,7.0,0.0,0.0
Vederian Lowe,59741,T,NE,9,7.0,0,100.0,,0,0,1,0.0,0,1,19,0,64.7,61.2,57.0,63.3,90.4,0.0,0,0,4,99.7,331,332,10,1,0.3,1,0.0,0,122.9,1,1,0.0,0,4,0,0.0,4.0,4.0
Kameron Johnson,165866,WR,TB,3,6.0,0,0.0,,0,0,0,100.0,1,0,30,0,27.9,68.8,47.4,,44.5,0.0,0,0,0,0.0,0,18,0,0,94.4,17,22.2,4,39.6,1,0,77.8,14,0,0,,,0.0
Trent Scott,24481,T,WAS,6,4.0,0,100.0,,0,0,0,0.0,0,1,32,0,64.7,61.2,51.8,53.5,90.6,3.4,3,0,1,98.9,87,88,3,1,1.1,1,0.0,0,118.8,1,1,0.0,0,1,0,0.0,1.0,1.0
Brandon Johnson,40666,WR,PIT,3,4.0,0,100.0,,0,0,0,0.0,0,0,25,0,64.7,61.2,65.2,,64.2,0.0,0,0,9,0.0,0,10,0,1,90.0,9,10.0,1,104.2,1,0,90.0,9,9,5,5.0,9.0,1.0
Jamison Crowder,9538,WR,WAS,2,-2.0,0,100.0,,0,0,0,0.0,0,0,32,0,64.7,65.7,55.5,,55.9,0.0,0,0,5,0.0,0,9,0,1,100.0,9,100.0,9,87.5,1,0,0.0,0,5,7,7.0,5.0,0.56
Ross Dwelley,20994,TE,ATL,2,1.0,0,100.0,,0,0,0,0.0,0,0,2,0,64.7,61.2,46.3,,53.4,16.7,2,0,5,0.0,0,12,0,1,100.0,12,83.3,10,87.5,1,0,0.0,0,5,4,4.0,5.0,0.42
Dareke Young,111900,WR,SEA,3,9.0,0,0.0,,0,0,0,,0,0,29,0,,,56.6,,57.2,0.0,0,0,0,0.0,0,6,0,0,83.3,5,0.0,0,39.6,1,0,100.0,6,0,0,,,0.0
Jaelon Darden,61522,WR,CLV,2,-2.0,0,100.0,,0,0,0,0.0,0,1,8,0,64.7,83.4,54.7,,54.8,0.0,0,0,6,0.0,0,15,0,1,93.3,14,13.3,2,91.7,1,0,86.7,13,6,8,8.0,6.0,0.43
Sione Vaki,158505,HB,DET,4,15.0,0,100.0,,0,0,0,0.0,0,1,11,0,64.7,71.9,65.6,,80.7,0.0,0,0,17,0.0,0,9,0,1,100.0,9,0.0,0,118.8,1,0,11.1,1,17,2,2.0,17.0,1.89
Mike Caliendo,41446,G,KC,2,2.0,0,100.0,,0,0,0,0.0,0,1,16,0,64.7,61.2,68.0,64.9,90.1,100.0,2,0,5,50.0,1,2,0,1,50.0,1,0.0,0,87.5,1,0,0.0,0,5,3,3.0,5.0,5.0
Justyn Ross,78021,WR,KC,2,16.0,0,0.0,,0,0,0,,0,0,16,0,,,50.9,,51.8,0.0,0,0,0,0.0,0,12,0,0,100.0,12,33.3,4,39.6,1,0,66.7,8,0,0,,,0.0
Jared Wiley,98508,TE,KC,6,4.0,0,100.0,100.0,1,1,1,0.0,0,0,16,0,64.7,61.2,51.5,71.0,47.5,50.0,14,0,7,7.1,2,28,1,1,89.3,25,35.7,10,95.8,1,0,10.7,3,7,3,3.0,7.0,0.28
Tyler Smith,98385,G,DAL,10,-6.0,0,100.0,,0,0,4,0.0,0,0,9,0,67.6,62.3,70.7,75.3,66.9,0.0,0,0,0,100.0,462,462,7,1,0.0,0,0.0,0,79.2,1,0,0.0,0,0,6,6.0,0.0,
James Pierre,60649,CB,PIT,1,17.0,0,0.0,,0,0,0,100.0,1,0,25,0,27.9,,41.5,,42.5,0.0,0,0,0,0.0,0,1,0,0,100.0,1,0.0,0,39.6,1,0,0.0,0,0,0,,,0.0
Marcedes Lewis,2973,TE,CHI,11,1.0,0,100.0,,0,0,0,0.0,0,1,6,0,28.8,61.2,45.3,80.8,33.3,83.7,36,0,2,41.9,18,43,3,1,53.5,23,14.0,6,79.2,1,0,2.3,1,2,1,1.0,2.0,0.09
C.J. Goodwin,9243,CB,DAL,2,9.0,0,0.0,,0,0,0,,0,0,9,0,,,57.2,,56.9,0.0,0,0,0,0.0,0,2,0,0,100.0,2,0.0,0,39.6,1,0,0.0,0,0,0,,,0.0
John Samuel Shenker,60854,TE,LV,5,4.0,0,100.0,,0,0,0,0.0,0,0,23,0,64.7,61.2,54.5,58.6,49.0,56.3,18,0,7,25.0,8,32,0,1,71.9,23,31.3,10,95.8,1,0,6.3,2,7,3,3.0,7.0,0.3
Dalvin Cook,11796,HB,DAL,2,4.0,0,100.0,,0,0,0,0.0,0,1,9,0,64.7,72.5,53.3,78.8,64.4,0.0,0,0,10,33.3,5,15,0,1,66.7,10,13.3,2,108.3,1,0,0.0,0,10,6,6.0,10.0,1.0
Myles Gaskin,45914,HB,MIN,1,-2.0,0,100.0,,0,0,0,0.0,0,0,18,0,64.7,73.0,63.1,,84.2,0.0,0,0,11,0.0,0,3,0,1,66.7,2,33.3,1,112.5,1,0,0.0,0,11,13,13.0,11.0,5.5
Javon Baker,123904,WR,NE,4,18.0,0,0.0,,0,0,0,,0,0,19,0,,68.7,52.9,,52.3,0.0,0,0,0,0.0,0,14,0,0,92.9,13,7.1,1,39.6,1,0,92.9,13,0,0,,,0.0
Wanya Morris,98247,T,KC,10,3.0,0,100.0,,0,0,3,0.0,0,1,16,0,64.7,61.2,55.6,59.6,90.2,0.3,1,0,1,99.7,362,363,8,1,0.3,1,0.0,0,118.8,1,1,0.0,0,1,0,0.0,1.0,1.0
