player,player_id,position,team_name,player_game_count,attempts,avoided_tackles,breakaway_attempts,breakaway_percent,breakaway_yards,declined_penalties,designed_yards,drops,elu_recv_mtf,elu_rush_mtf,elu_yco,elusive_rating,explosive,first_downs,franchise_id,fumbles,gap_attempts,grades_hands_fumble,grades_offense,grades_offense_penalty,grades_pass,grades_pass_block,grades_pass_route,grades_run,grades_run_block,longest,penalties,rec_yards,receptions,routes,run_plays,scramble_yards,scrambles,targets,total_touches,touchdowns,yards,yards_after_contact,yco_attempt,ypa,yprr,zone_attempts
Saquon Barkley,45791,HB,PHI,11,223,38,16,43.6,607,0,1392,2,11,38,776,68.2,29,53,24,1,94,82.4,86.8,56.1,,58.8,71.2,87.0,57.5,72,1,257,27,211,283,0,0,30,250,10,1392,776,3.48,6.2,1.22,123
Derrick Henry,10679,HB,BLT,12,221,44,17,45.3,600,0,1325,0,2,44,784,70.6,27,60,3,3,100,56.6,91.9,17.4,,88.2,62.4,91.3,56.7,87,2,96,10,116,273,0,0,11,231,13,1325,784,3.55,6.0,0.83,121
Kyren Williams,97118,HB,LA,11,207,32,4,11.2,92,0,822,1,4,32,552,41.4,15,55,26,5,100,32.1,63.1,87.2,,37.1,56.0,67.5,57.6,30,0,136,25,264,233,0,0,29,232,9,822,552,2.67,4.0,0.52,101
Josh Jacobs,45953,HB,GB,11,202,46,8,23.7,224,0,944,0,7,46,723,84.3,25,48,12,2,98,68.1,88.9,49.7,,38.1,75.0,89.4,54.8,38,1,186,23,182,228,0,0,28,225,7,944,723,3.58,4.7,1.02,102
Najee Harris,57121,HB,PIT,11,191,50,8,26.2,196,0,749,4,7,50,566,78.9,21,37,25,0,58,90.7,78.0,84.7,,71.1,53.2,79.0,67.5,36,0,195,23,152,225,0,0,29,214,3,749,566,2.96,3.9,1.28,133
Joe Mixon,11803,HB,HST,9,185,26,9,32.6,256,0,786,2,9,26,531,48.3,21,37,13,0,52,90.7,74.9,41.9,54.9,59.4,68.8,73.8,74.3,59,2,226,23,162,203,0,0,32,208,10,786,531,2.87,4.2,1.4,131
Tony Pollard,27126,HB,TEN,11,184,28,10,28.6,229,1,800,4,4,28,652,52.3,24,37,31,0,100,90.7,73.3,25.2,,69.0,58.4,76.0,76.0,41,2,178,33,230,222,0,0,43,217,4,800,652,3.54,4.3,0.77,76
Alvin Kamara,11822,HB,NO,11,183,29,9,21.1,165,0,782,5,5,29,492,38.4,19,45,20,1,38,81.5,73.8,86.4,,41.0,63.4,77.2,57.1,24,0,443,55,242,213,0,0,71,238,6,782,492,2.69,4.3,1.83,137
Aaron Jones,11937,HB,MIN,11,179,31,8,25.3,202,0,798,0,4,31,534,49.5,18,33,18,3,74,48.7,74.0,47.9,,80.8,79.7,69.1,50.0,41,1,285,32,197,210,0,0,36,211,3,798,534,2.98,4.5,1.45,104
Chuba Hubbard,57373,HB,CAR,11,177,35,12,31.2,273,0,876,1,7,35,629,71.8,20,45,5,3,56,50.6,77.1,87.2,,55.7,38.8,88.6,53.9,38,0,126,31,225,196,0,0,38,208,7,876,629,3.55,4.9,0.56,116
D'Andre Swift,57212,HB,CHI,11,168,27,8,34.1,227,0,665,1,5,27,419,40.1,13,26,6,2,80,63.6,60.5,52.4,,27.1,58.6,65.2,33.1,56,4,278,31,225,196,0,0,35,199,5,665,419,2.49,4.0,1.24,77
Bijan Robinson,123126,HB,ATL,11,167,38,8,22.1,173,0,783,1,17,38,510,79.2,14,38,2,0,35,90.6,91.6,86.9,,56.0,90.2,90.9,82.0,37,2,359,45,246,183,0,0,49,212,6,783,510,3.05,4.7,1.46,130
James Conner,11860,HB,ARZ,11,166,49,9,22.3,157,0,705,1,16,49,564,113.3,23,46,1,3,117,49.4,83.0,86.9,,69.7,60.2,85.4,62.0,22,0,288,29,180,197,0,0,33,195,5,705,564,3.4,4.2,1.6,47
Rhamondre Stevenson,98689,HB,NE,11,162,35,5,16.7,100,1,598,1,10,35,463,67.7,15,31,19,5,95,33.2,66.9,51.2,,66.5,61.5,66.9,72.6,33,3,118,28,205,173,0,0,34,190,6,598,463,2.86,3.7,0.58,63
Jonathan Taylor,57488,HB,IND,9,161,19,11,39.1,277,0,708,2,6,19,452,40.3,21,34,14,2,63,61.0,48.5,47.8,,31.6,33.3,57.2,43.7,58,2,111,13,175,205,0,0,21,174,5,708,452,2.81,4.4,0.63,98
J.K. Dobbins,57366,HB,LAC,11,158,33,10,38.6,296,0,766,2,4,33,497,62.6,24,39,27,0,84,90.4,67.3,86.5,,69.9,56.7,67.3,69.8,61,0,134,28,177,177,0,0,32,186,8,766,497,3.15,4.8,0.76,71
Kareem Hunt,11841,HB,KC,8,155,20,2,5.5,32,0,577,0,7,20,369,37.4,8,31,16,0,56,90.3,72.6,85.8,,72.4,67.8,70.8,60.3,17,0,135,17,136,171,0,0,19,172,5,577,369,2.38,3.7,0.99,92
Jahmyr Gibbs,122474,HB,DET,11,154,39,17,43.6,386,0,886,0,3,39,496,75.2,25,41,11,0,54,90.3,81.6,0.0,,25.5,71.2,85.2,75.8,70,3,265,26,176,165,0,0,32,180,10,886,496,3.22,5.8,1.51,96
Breece Hall,97636,HB,NYJ,11,152,23,8,28.2,178,0,632,5,10,23,475,52.1,18,26,22,4,59,38.5,59.1,25.8,,54.8,54.1,63.1,56.1,42,2,401,46,274,168,0,0,59,198,4,632,475,3.13,4.2,1.46,91
David Montgomery,45719,HB,DET,11,145,36,5,14.1,89,0,632,0,16,36,474,100.6,14,43,11,2,49,59.0,84.2,28.2,69.5,51.1,84.9,80.2,60.0,21,1,241,24,113,150,0,0,25,169,11,632,474,3.27,4.4,2.13,92
Chase Brown,77787,HB,CIN,11,140,29,7,25.0,152,0,607,3,8,29,411,62.1,15,25,7,2,53,60.7,73.6,86.8,,46.6,66.8,75.0,60.1,30,0,207,35,189,154,0,0,42,175,5,607,411,2.94,4.3,1.1,83
Jordan Mason,62946,HB,SF,11,140,35,11,37.0,263,0,711,0,3,35,451,81.1,20,33,28,3,38,39.8,71.2,85.3,,44.5,54.6,74.2,67.3,38,0,91,11,159,162,0,0,14,151,3,711,451,3.22,5.1,0.57,101
James Cook,83666,HB,BUF,10,137,23,5,19.8,118,0,596,3,3,23,392,45.9,14,34,4,0,53,90.1,74.6,84.9,,73.4,51.7,80.2,29.0,49,0,182,25,163,153,0,0,31,162,10,596,392,2.86,4.4,1.12,83
De'Von Achane,124305,HB,MIA,11,132,22,6,24.9,140,1,562,0,9,22,393,51.0,15,24,17,0,43,90.2,81.9,51.5,,39.6,82.2,80.3,37.5,47,1,373,49,226,168,0,0,53,181,3,562,393,2.98,4.3,1.65,83
Kenneth Walker III,97199,HB,SEA,9,129,53,6,26.4,130,1,493,0,12,53,401,122.5,10,24,29,0,51,90.1,90.1,16.6,,39.7,74.3,91.5,67.8,28,2,274,36,196,148,0,0,41,165,7,493,401,3.11,3.8,1.4,74
Brian Robinson,57120,HB,WAS,9,122,22,7,30.2,162,0,537,1,6,22,429,74.0,11,32,32,0,58,89.5,79.9,87.7,,54.1,70.0,78.3,67.8,40,0,99,11,106,156,0,0,14,133,7,537,429,3.52,4.4,0.93,59
Javonte Williams,77803,HB,DEN,12,120,20,3,11.9,53,0,445,3,7,20,296,42.4,11,25,10,2,57,56.3,62.6,44.8,,64.4,69.0,61.2,41.7,20,1,256,37,197,140,0,0,45,157,3,445,296,2.47,3.7,1.3,60
Tyrone Tracy,84226,HB,NYG,11,116,22,8,35.3,207,0,587,3,4,22,368,59.8,15,28,21,3,49,27.1,63.1,88.0,,61.7,43.2,72.4,39.3,45,0,145,22,179,151,0,0,26,138,3,587,368,3.17,5.1,0.81,58
Jalen Hurts,40291,QB,PHI,11,115,13,1,3.9,18,0,183,0,0,7,102,10.1,12,48,24,7,14,50.8,76.2,73.6,67.0,,,87.0,60.2,24,1,0,0,0,359,273,31,0,84,11,456,210,1.83,4.0,,18
Rico Dowdle,40693,HB,DAL,10,112,20,2,7.0,34,0,488,3,6,20,331,54.5,9,25,9,2,37,51.9,66.4,86.5,,68.2,65.3,65.3,54.9,19,0,184,29,167,133,0,0,37,141,0,488,331,2.96,4.4,1.1,64
Bucky Irving,144970,HB,TB,11,108,34,8,36.4,211,0,580,1,16,34,453,149.8,14,28,30,2,61,53.0,86.0,85.6,,44.8,90.5,81.2,56.0,56,0,252,32,152,126,0,0,33,140,5,580,453,4.19,5.4,1.66,40
Lamar Jackson,46416,QB,BLT,12,103,32,7,25.2,151,0,378,0,0,16,150,43.8,25,31,3,6,23,56.8,91.9,60.3,90.3,,,84.6,60.5,33,4,0,0,0,350,221,29,0,74,3,599,308,2.99,5.8,,29
Jayden Daniels,97993,QB,WAS,12,99,20,3,14.2,79,1,173,0,0,6,102,23.5,17,34,32,3,18,71.0,88.5,88.4,83.4,,,82.5,60.4,46,1,0,0,0,288,383,48,0,51,5,556,352,3.56,5.6,,15
Alexander Mattison,45817,HB,LV,10,97,13,3,18.1,58,0,320,1,12,13,244,51.5,5,20,23,0,37,88.7,67.1,85.8,,36.1,72.3,66.9,58.1,24,0,245,25,152,114,0,0,29,122,3,320,244,2.52,3.3,1.61,59
Tank Bigsby,123974,HB,JAX,9,95,27,7,43.0,223,0,519,1,3,27,411,132.4,14,20,15,1,48,28.2,75.4,83.2,,35.1,42.3,80.1,59.5,65,0,36,3,73,111,0,0,4,98,4,519,411,4.33,5.5,0.49,44
Rachaad White,131633,HB,TB,10,92,12,3,25.7,88,0,343,0,11,12,267,51.3,4,18,30,1,31,68.4,73.9,88.4,,68.5,79.0,69.0,68.7,56,0,301,38,201,120,0,0,41,130,2,343,267,2.9,3.7,1.5,57
Tyler Allgeier,83639,HB,ATL,11,85,21,6,27.0,116,0,429,0,4,21,330,103.3,13,27,2,0,22,87.1,84.8,80.0,,54.0,65.5,85.6,49.4,24,0,56,9,66,102,0,0,9,94,2,429,330,3.88,5.0,0.85,62
Travis Etienne Jr.,57185,HB,JAX,9,82,10,5,28.0,91,0,325,2,3,10,189,28.8,11,18,15,1,46,63.5,56.0,85.1,,15.1,61.6,60.8,58.9,22,0,102,22,142,92,0,0,30,104,2,325,189,2.3,4.0,0.72,34
Devin Singletary,40485,HB,NYG,9,80,22,4,30.1,98,0,326,1,5,22,239,84.0,9,18,21,2,43,37.5,63.7,84.1,,75.2,56.0,64.2,51.8,43,0,99,16,115,106,0,0,18,96,3,326,239,2.99,4.1,0.86,35
Jaylen Warren,98692,HB,PIT,9,75,16,3,16.5,50,0,303,0,4,16,219,60.8,8,17,25,1,25,63.2,58.7,86.7,,29.6,67.4,58.9,55.3,18,0,142,21,116,96,0,0,24,96,1,303,219,2.92,4.0,1.22,47
Zack Moss,40341,HB,CIN,8,74,9,2,12.8,31,0,242,2,6,9,157,32.8,5,13,7,2,41,37.0,58.2,87.5,,50.6,66.2,55.4,60.0,16,0,187,23,155,85,0,0,27,97,2,242,157,2.12,3.3,1.21,28
Austin Ekeler,12164,HB,WAS,11,74,10,4,34.6,123,0,355,2,11,10,185,49.1,7,18,32,2,38,29.8,64.9,90.6,,28.2,65.9,68.0,55.6,50,0,346,33,200,118,0,0,38,107,4,355,185,2.5,4.8,1.73,29
Nick Chubb,45783,HB,CLV,5,73,15,1,6.8,15,0,222,1,0,15,192,51.9,3,13,8,0,27,85.6,61.2,80.1,,41.1,43.3,65.3,60.0,15,0,7,3,55,81,0,0,5,76,3,222,192,2.63,3.0,0.13,43
Antonio Gibson,78050,HB,NE,12,72,15,3,28.3,88,0,311,1,3,15,258,74.1,6,13,19,1,42,60.3,67.0,86.4,,52.4,66.4,68.0,45.8,45,0,147,15,98,79,0,0,18,87,0,311,258,3.58,4.3,1.5,28
Cam Akers,57206,HB,MIN,9,72,15,3,16.4,45,0,275,0,0,15,172,43.7,10,13,18,1,30,59.5,65.3,81.4,,31.8,60.4,67.1,60.0,15,0,49,10,75,79,0,0,11,82,1,275,172,2.39,3.8,0.65,40
Zach Charbonnet,97630,HB,SEA,11,71,18,0,0.0,0,0,238,0,8,18,202,75.5,7,17,29,0,27,86.5,68.3,89.1,,70.3,63.5,67.8,65.6,13,0,191,27,176,90,0,0,30,98,4,238,202,2.85,3.4,1.09,38
Ray Davis,101072,HB,BUF,11,69,20,3,19.0,53,1,279,0,1,20,203,78.2,8,15,4,0,40,85.9,73.0,8.0,,47.3,74.9,71.5,60.0,22,1,149,10,52,87,0,0,10,79,2,279,203,2.94,4.0,2.87,29
Josh Allen,46601,QB,BUF,11,67,11,0,0.0,0,0,81,0,0,1,73,5.1,9,30,4,5,11,35.5,84.7,72.4,75.3,,,91.8,60.0,26,2,0,0,0,259,235,29,0,38,5,316,207,3.09,4.7,,3
Daniel Jones,39395,QB,NYG,10,67,14,1,9.1,24,0,183,0,0,11,107,45.3,8,26,21,4,8,80.1,72.0,56.4,67.5,,59.9,79.0,60.0,24,5,0,0,1,255,82,16,0,51,2,265,170,2.54,4.0,0.0,12
Emanuel Wilson,154173,HB,GB,11,66,19,4,23.1,72,0,312,0,4,19,205,95.3,8,16,12,0,24,85.2,81.9,16.4,,68.7,63.5,84.8,71.9,19,1,46,9,72,80,0,0,10,75,1,312,205,3.11,4.7,0.64,40
Jaleel McLaughlin,138346,HB,DEN,12,66,18,3,19.1,54,0,283,0,4,18,169,68.7,8,14,10,1,18,56.2,63.5,85.2,,23.3,49.0,71.2,60.8,21,0,47,16,113,87,0,0,16,82,1,283,169,2.56,4.3,0.42,42
Zamir White,83665,HB,LV,8,65,6,1,9.3,17,0,183,0,4,6,134,29.0,2,4,23,2,28,28.8,42.7,80.3,,47.8,60.2,40.8,71.7,17,0,30,6,56,76,0,0,8,71,1,183,134,2.06,2.8,0.54,37
Bo Nix,97790,QB,DEN,12,64,8,1,10.7,32,0,64,0,0,0,12,0.0,11,27,10,1,5,90.5,72.8,31.8,70.2,,90.3,72.0,60.0,32,6,2,1,2,282,236,34,1,31,4,300,156,2.44,4.7,1.0,6
Gus Edwards,46027,HB,LAC,7,63,4,0,0.0,0,0,206,0,0,4,143,14.2,3,9,27,0,24,84.6,61.0,79.2,,73.6,51.3,61.5,58.0,11,0,2,1,35,82,0,0,2,64,1,206,143,2.27,3.3,0.06,38
Braelon Allen,145159,HB,NYJ,11,62,6,1,8.7,20,0,229,3,2,6,183,32.8,4,17,22,0,24,84.9,73.4,82.8,,40.8,48.9,81.7,56.5,20,0,81,10,77,73,0,0,15,72,2,229,183,2.95,3.7,1.05,36
Anthony Richardson,124393,QB,IND,8,61,14,2,10.1,34,1,187,0,0,7,102,33.7,15,21,14,9,27,24.6,60.4,61.1,61.4,,,56.0,60.0,26,3,0,0,0,191,148,15,0,46,3,335,210,3.44,5.5,,8
Jerome Ford,83601,HB,CLV,9,61,12,3,29.2,87,0,298,1,14,12,177,86.7,9,17,8,0,25,86.4,65.9,90.6,,44.6,56.5,74.0,60.0,36,0,126,26,194,71,0,0,30,87,1,298,177,2.9,4.9,0.65,32
Justin Fields,82118,QB,PIT,8,60,10,2,17.5,48,0,164,0,0,3,75,12.8,8,18,25,6,8,62.8,70.9,37.4,66.3,,,75.1,60.0,30,4,0,0,0,192,110,18,0,42,5,274,129,2.15,4.6,,12
Raheem Mostert,9783,HB,MIA,8,60,13,2,15.7,34,0,217,1,4,13,179,72.5,7,12,17,2,22,28.8,68.8,82.3,,73.3,59.9,71.1,59.4,18,0,102,10,98,68,0,0,11,70,2,217,179,2.98,3.6,1.04,35
Jaylen Wright,146934,HB,MIA,10,59,15,4,29.6,72,0,243,1,0,15,196,83.1,8,10,17,1,18,50.7,69.3,81.4,,79.7,39.3,77.0,58.5,20,0,2,1,64,68,0,0,3,60,0,243,196,3.32,4.1,0.03,37
Ezekiel Elliott,10638,HB,DAL,10,58,3,0,0.0,0,0,185,0,2,3,151,19.1,1,9,9,1,15,52.2,59.8,87.2,,56.8,61.4,58.9,59.3,11,0,56,10,111,71,0,0,13,68,2,185,151,2.6,3.2,0.5,36
Caleb Williams,144622,QB,CHI,11,55,12,0,0.0,0,1,94,0,0,2,17,5.9,15,22,6,4,4,89.6,67.5,30.8,64.4,60.9,,76.5,60.3,24,8,0,0,0,266,245,31,0,24,0,339,152,2.76,6.2,,8
Trey Benson,131705,HB,ARZ,10,53,11,2,15.8,37,0,234,0,4,11,167,81.5,8,12,1,1,40,48.2,62.7,79.4,,85.6,74.2,57.0,72.8,20,0,55,5,31,60,0,0,5,58,1,234,167,3.15,4.4,1.77,13
Brock Purdy,77672,QB,SF,10,51,9,0,0.0,0,0,9,0,0,0,7,0.0,11,26,28,6,0,59.0,81.3,88.0,75.1,,60.0,86.7,60.0,16,0,0,0,1,271,258,37,0,14,4,267,132,2.59,5.2,0.0,2
Sam Darnold,29048,QB,MIN,11,48,3,0,0.0,0,0,-1,0,0,0,4,0.0,8,20,18,7,1,47.8,81.9,43.5,79.2,61.3,55.2,76.2,60.0,19,5,0,0,2,305,166,19,0,29,1,165,88,1.83,3.4,0.0,3
Roschon Johnson,99467,HB,CHI,9,48,5,0,0.0,0,0,139,0,4,5,103,32.7,0,16,6,0,30,83.4,72.1,86.8,,44.2,67.9,76.9,60.0,9,0,88,11,107,57,0,0,12,59,6,139,103,2.15,2.9,0.82,14
Ty Chandler,62942,HB,MIN,9,48,3,1,14.8,25,0,169,0,0,3,86,10.0,3,7,18,0,18,83.8,54.3,82.6,60.0,45.9,61.2,55.2,58.3,25,1,42,6,56,59,0,0,6,54,0,169,86,1.79,3.5,0.75,27
Carson Steele,145632,HB,KC,11,48,9,0,0.0,0,0,158,0,3,9,116,54.7,0,14,16,3,24,22.7,56.4,85.0,,15.8,51.9,61.6,61.6,9,0,24,5,69,77,0,0,8,53,0,158,116,2.42,3.3,0.35,16
Kyler Murray,38334,QB,ARZ,11,48,9,1,13.2,50,0,158,0,0,4,52,26.5,13,17,1,6,14,56.7,80.9,54.5,77.8,,,75.8,60.5,50,4,0,0,0,268,222,20,0,28,4,380,170,3.54,7.9,,5
Kenneth Gainwell,77737,HB,PHI,11,47,5,1,8.7,19,1,219,0,3,5,129,40.7,10,10,24,0,17,84.5,52.7,17.9,,27.6,59.0,57.6,48.7,19,1,49,7,72,83,0,0,11,54,1,219,129,2.74,4.7,0.68,30
Trey Sermon,57372,HB,IND,12,47,6,2,24.4,32,0,131,0,1,6,119,30.0,4,13,14,0,19,83.1,58.2,83.5,,55.9,60.9,56.4,67.5,17,0,75,12,83,57,0,0,12,59,2,131,119,2.53,2.8,0.9,28
D'Onta Foreman,11844,HB,CLV,8,46,4,1,16.1,25,0,155,0,2,4,90,23.0,2,6,8,1,23,49.7,60.2,0.6,,41.2,65.9,62.0,58.3,25,1,46,5,34,59,0,0,5,51,0,155,90,1.96,3.4,1.35,22
Justin Herbert,28237,QB,LAC,11,45,3,0,0.0,0,0,4,0,0,0,15,0.0,5,12,27,6,4,33.7,86.6,88.2,85.6,,,63.3,60.0,38,0,0,0,0,286,207,22,0,23,2,211,95,2.11,4.7,,2
Patrick Mahomes,11765,QB,KC,11,44,5,0,0.0,0,1,-25,0,0,0,0,0.0,7,16,16,1,0,91.6,85.0,88.6,79.4,,,87.5,60.5,33,2,2,1,0,293,252,29,1,16,1,227,99,2.25,5.2,,0
Jeremy McNichols,11917,HB,WAS,11,44,8,3,32.3,70,0,217,0,0,8,151,59.7,5,12,32,0,22,82.4,69.2,13.3,,48.9,46.2,81.7,44.9,28,1,7,2,74,71,0,0,2,46,4,217,151,3.43,4.9,0.09,21
Geno Smith,7820,QB,SEA,11,43,2,0,0.0,0,1,4,0,0,0,5,0.0,12,14,29,6,3,69.1,81.0,44.3,80.6,,58.9,62.3,60.0,34,8,0,0,1,236,220,19,0,24,2,224,45,1.05,5.2,0.0,2
Christian McCaffrey,11763,HB,SF,3,43,2,0,0.0,0,0,149,0,2,2,106,17.6,3,8,28,1,10,46.7,68.0,83.5,,77.2,71.7,64.2,57.3,13,0,132,13,86,50,0,0,16,56,0,149,106,2.47,3.5,1.53,31
Tyjae Spears,97195,HB,TEN,7,43,7,1,11.8,19,0,161,0,5,7,134,62.3,4,10,31,0,20,83.6,64.4,84.9,,50.6,67.3,63.4,59.6,19,0,88,17,79,53,0,0,18,60,1,161,134,3.12,3.7,1.11,19
Justice Hill,45865,HB,BLT,12,40,8,2,36.8,68,0,180,0,9,8,154,89.7,5,12,3,0,11,84.7,77.0,41.7,,60.2,90.3,73.3,52.2,51,1,307,33,185,89,0,0,34,73,1,185,154,3.85,4.6,1.66,21
Baker Mayfield,46518,QB,TB,11,40,8,0,0.0,0,0,20,0,0,0,7,0.0,12,14,30,9,0,48.3,81.3,57.1,79.7,,,67.8,60.0,18,3,0,0,0,257,201,26,0,14,3,221,174,4.35,5.5,,3
C.J. Stroud,129759,QB,HST,12,38,5,0,0.0,0,0,-16,0,0,0,-2,0.0,7,11,13,5,1,71.3,74.3,75.2,73.4,,55.7,61.6,60.0,25,2,0,0,3,304,208,30,1,8,0,192,105,2.76,5.1,0.0,0
Miles Sanders,40555,HB,CAR,10,38,8,1,18.7,26,0,139,0,7,8,106,70.9,2,9,5,0,11,82.9,68.1,85.7,,42.1,62.7,73.7,58.1,26,0,98,21,108,48,0,0,25,59,1,139,106,2.79,3.7,0.91,25
Isaac Guerendo,83806,HB,SF,10,38,5,3,48.5,110,0,227,1,1,5,112,42.1,4,8,28,1,10,21.3,53.9,80.4,,33.3,29.7,62.8,60.0,76,0,22,4,42,50,0,0,5,42,1,227,112,2.95,6.0,0.52,28
Audric Estime,147476,HB,DEN,8,38,7,1,11.7,21,0,179,0,0,7,130,58.4,5,8,10,2,22,24.2,59.3,76.6,,77.9,73.5,56.6,60.0,21,0,9,3,18,44,0,0,3,41,0,179,130,3.42,4.7,0.5,13
Will Levis,83542,QB,TEN,8,36,4,1,8.6,15,0,44,0,0,0,27,0.0,5,18,31,5,5,48.6,56.1,40.8,52.5,,58.4,72.5,60.0,21,3,0,0,1,162,131,19,0,17,0,175,84,2.33,4.9,0.0,3
Isiah Pacheco,83747,HB,KC,2,34,2,0,0.0,0,0,135,1,5,2,77,38.7,2,6,16,0,17,81.3,67.0,81.1,,77.7,58.2,68.4,60.0,11,0,54,7,40,40,0,0,8,41,1,135,77,2.26,4.0,1.35,17
Taysom Hill,12112,TE,NO,7,34,10,2,40.3,108,0,268,3,6,10,220,199.1,5,17,20,1,13,44.3,74.9,84.9,38.7,75.6,64.5,90.8,49.4,75,0,150,18,87,85,0,0,24,52,6,268,220,6.47,7.9,1.72,16
Drake Maye,143969,QB,NE,8,33,10,0,0.0,0,0,-2,0,0,0,0,0.0,14,15,19,5,0,53.3,71.3,62.5,64.0,,60.0,90.3,60.0,26,1,0,0,1,136,288,30,0,3,1,286,174,5.27,8.7,0.0,0
Jamaal Williams,11889,HB,NO,8,32,5,0,0.0,0,0,124,0,0,5,87,37.8,3,8,20,0,6,81.7,65.8,80.0,,60.9,57.5,68.0,57.8,14,0,21,4,41,38,0,0,4,36,1,124,87,2.72,3.9,0.51,24
Joe Burrow,28022,QB,CIN,11,31,3,0,0.0,0,0,-1,0,0,0,2,0.0,6,13,7,5,1,61.0,90.4,57.7,89.3,,,67.7,60.1,47,6,0,0,0,230,152,16,0,15,1,151,74,2.39,4.9,,0
Deshaun Watson,11767,QB,CLV,7,31,9,0,0.0,0,0,16,0,0,0,11,0.0,3,8,8,5,4,56.9,63.1,62.3,63.4,,,57.6,60.0,16,2,0,0,0,125,132,21,0,10,1,148,121,3.9,4.8,,1
D'Ernest Johnson,45734,HB,JAX,10,30,4,0,0.0,0,0,117,0,2,4,79,41.6,3,6,15,0,11,80.3,61.0,10.8,,21.7,61.3,70.9,60.0,13,2,77,8,94,36,0,0,12,38,0,117,79,2.63,3.9,0.82,19
Sean Tucker,123056,HB,TB,8,30,2,3,36.5,69,0,189,0,4,2,77,40.5,7,11,30,1,19,40.4,80.7,77.5,,79.5,89.7,74.5,59.8,36,0,104,8,30,38,0,0,9,38,2,189,77,2.57,6.3,3.47,11
Blake Corum,129574,HB,LA,8,29,3,0,0.0,0,0,106,0,1,3,73,30.5,2,8,26,0,15,81.5,71.6,75.1,,52.8,72.0,69.8,60.0,12,0,31,4,13,32,0,0,4,33,0,106,73,2.52,3.7,2.38,14
Tyler Goodson,101659,HB,IND,10,27,3,3,53.9,69,0,128,1,3,3,69,41.4,3,4,14,0,13,81.8,59.4,82.2,,22.0,52.7,66.9,55.8,33,0,56,10,64,37,0,0,13,37,1,128,69,2.56,4.7,0.88,14
Deebo Samuel,48274,WR,SF,10,27,8,0,0.0,0,1,79,4,8,8,57,55.4,1,2,28,0,6,83.3,72.4,65.9,60.0,,74.6,63.9,47.9,12,3,511,34,275,164,0,0,56,61,1,79,57,2.11,2.9,1.86,13
Ameer Abdullah,9487,HB,LV,9,25,3,1,36.4,40,0,110,0,2,3,48,20.4,2,4,23,1,5,47.4,59.3,85.9,,58.2,72.0,52.3,26.8,40,1,113,22,160,27,0,0,25,47,1,110,48,1.92,4.4,0.71,20
Dare Ogunbowale,12329,HB,HST,12,25,3,0,0.0,0,0,68,1,8,3,61,65.5,1,3,13,0,12,80.7,58.5,0.0,,36.6,63.6,65.3,60.0,11,2,166,16,150,31,0,0,22,41,0,68,61,2.44,2.7,1.11,11
Trevor Lawrence,77632,QB,JAX,9,25,4,0,0.0,0,0,14,0,0,1,12,7.1,4,13,15,3,0,69.9,80.3,67.2,76.9,,,77.8,60.0,33,1,-5,0,0,196,99,12,0,13,3,113,92,3.68,4.5,,1
Jared Goff,10635,QB,DET,11,24,1,0,0.0,0,0,-8,0,0,0,2,0.0,0,6,11,5,0,60.4,74.4,72.4,71.5,62.2,90.7,68.9,60.0,8,2,7,1,1,326,47,11,1,14,0,39,27,1.13,1.6,7.0,0
Ty Johnson,45769,HB,BUF,11,22,2,3,46.2,54,0,117,0,1,2,61,27.7,5,9,4,0,8,79.1,68.6,86.6,,52.1,63.1,80.6,33.5,19,0,97,8,117,45,0,0,12,30,1,117,61,2.77,5.3,0.83,13
Emari Demercado,77763,HB,ARZ,11,21,9,3,52.1,110,0,211,0,1,9,157,233.6,6,7,1,0,13,79.8,72.7,82.9,,46.8,69.6,80.6,47.6,53,0,86,11,74,30,0,0,14,32,1,211,157,7.48,10.0,1.16,8
Cordarrelle Patterson,7810,HB,PIT,7,21,6,0,0.0,0,0,104,0,1,6,82,101.2,5,5,25,0,12,79.9,65.0,0.0,,75.5,61.7,67.8,58.3,14,1,34,6,30,36,0,0,8,27,0,104,82,3.9,5.0,1.13,8
JaMycal Hasty,25582,HB,NE,10,20,5,1,21.7,15,0,69,0,6,5,58,106.3,1,4,19,0,13,81.2,71.2,82.3,,85.4,66.3,72.3,60.0,15,0,59,10,66,22,0,0,11,30,0,69,58,2.9,3.5,0.89,6
Kirk Cousins,7102,QB,ATL,11,20,0,0,0.0,0,0,-19,0,0,0,9,0.0,1,1,2,11,0,45.3,77.3,88.3,75.4,,58.9,64.1,60.0,13,1,0,0,1,283,14,2,0,18,0,-5,12,0.6,-0.3,0.0,3
Gardner Minshew,41401,QB,LV,10,19,2,0,0.0,0,0,-2,0,0,0,0,0.0,3,5,23,6,0,47.7,60.7,67.7,61.7,,,46.1,60.2,11,1,0,0,0,194,60,11,0,8,0,58,39,2.05,3.1,,2
Will Shipley,144138,HB,PHI,6,19,3,0,0.0,0,0,46,0,0,3,37,30.7,0,1,24,0,8,79.2,53.9,75.9,,,56.1,55.4,60.0,9,0,0,0,6,22,0,0,0,19,0,46,37,1.95,2.4,0.0,10
Pierre Strong Jr.,66619,HB,CLV,8,19,0,0,0.0,0,0,69,1,2,0,50,20.2,1,4,8,0,6,81.1,56.5,87.1,,47.2,48.9,65.6,59.5,14,0,77,7,99,23,0,0,11,26,0,69,50,2.63,3.6,0.78,9
Bryce Young,123943,QB,CAR,8,18,4,0,0.0,0,0,-5,0,0,0,0,0.0,2,4,5,1,0,75.0,61.8,3.7,62.8,,,57.8,60.0,24,5,0,0,0,120,96,15,0,3,1,91,51,2.83,5.1,,1
Jordan Love,40306,QB,GB,9,18,3,0,0.0,0,0,-3,0,0,1,11,9.1,2,7,12,4,1,61.0,72.4,87.4,71.7,,,53.7,60.1,13,1,0,0,0,231,51,7,0,11,1,48,53,2.94,2.7,,1
Kimani Vidal,123727,HB,LAC,4,18,3,0,0.0,0,0,44,0,0,3,44,34.9,0,2,27,0,13,77.0,61.3,77.7,,65.6,63.3,59.7,60.0,7,0,49,3,30,21,0,0,3,21,0,44,44,2.44,2.4,1.63,5
Chris Brooks,83644,HB,GB,7,17,1,0,0.0,0,0,64,1,3,1,46,45.1,1,3,12,0,4,77.7,58.3,83.7,,87.7,53.6,61.4,44.5,11,1,57,7,34,41,0,0,8,24,0,64,46,2.71,3.8,1.68,13
Julius Chestnut,109239,HB,TEN,6,17,4,0,0.0,0,0,74,0,0,4,47,58.2,1,1,31,0,10,79.0,71.5,75.0,,83.3,65.6,69.3,58.7,12,0,11,2,13,22,0,0,2,19,0,74,47,2.76,4.4,0.85,7
Russell Wilson,7077,QB,PIT,5,17,3,0,0.0,0,0,1,0,0,1,12,8.3,1,3,25,2,0,52.7,75.5,85.5,74.7,,,58.8,60.0,10,0,0,0,0,167,23,5,0,12,1,24,34,2.0,1.4,,2
Tyler Huntley,46448,QB,MIA,3,16,2,0,0.0,0,0,27,0,0,1,7,8.6,2,6,17,1,5,85.1,62.3,82.9,57.5,,,71.6,60.0,20,2,0,0,0,93,40,7,0,9,1,67,19,1.19,4.2,,0
Malik Willis,60341,QB,GB,5,16,5,1,21.2,29,0,53,0,0,0,18,0.0,5,6,12,0,2,82.3,77.4,82.5,74.3,,,70.0,60.0,29,2,0,0,0,109,84,8,0,8,1,137,122,7.63,8.6,,1
Jameis Winston,9434,QB,CLV,9,16,0,0,0.0,0,1,11,0,0,0,7,0.0,1,12,8,3,1,73.3,82.0,84.9,77.3,,,82.3,60.0,13,1,0,0,0,95,35,6,0,10,1,46,9,0.56,2.9,,0
Jacoby Brissett,10725,QB,NE,6,15,2,0,0.0,0,0,-3,0,0,0,1,0.0,3,5,19,4,0,36.9,59.4,85.3,58.8,,,56.7,60.2,16,2,0,0,0,141,65,9,0,6,0,62,36,2.4,4.1,,1
Samaje Perine,11869,HB,KC,11,15,1,0,0.0,0,0,68,2,5,1,36,42.4,2,6,16,0,3,79.9,65.9,86.6,,64.8,66.2,68.7,53.5,13,0,185,19,136,32,0,0,24,34,1,68,36,2.4,4.5,1.36,11
Dameon Pierce,83659,HB,HST,5,15,6,1,54.0,54,0,100,0,2,6,101,336.7,2,2,13,0,5,78.7,73.1,75.8,,41.7,53.1,77.7,60.0,54,0,1,1,21,18,0,0,1,16,1,100,101,6.73,6.7,0.05,9
Jordan Mims,57209,HB,NO,7,14,1,0,0.0,0,0,42,0,1,1,27,21.4,0,1,20,0,6,76.9,63.5,76.9,,73.7,63.8,60.9,60.0,9,0,42,4,20,25,0,0,5,18,0,42,27,1.93,3.0,2.1,8
Aaron Rodgers,2241,QB,NYJ,11,13,1,0,0.0,0,0,5,0,0,0,0,0.0,2,3,22,4,0,74.3,75.9,39.8,74.8,,,65.7,60.2,14,5,0,0,0,227,45,9,0,4,0,50,43,3.31,3.8,,1
Matthew Stafford,4924,QB,LA,11,13,0,0,0.0,0,0,-7,0,0,0,13,0.0,1,2,26,6,0,57.3,68.7,88.4,67.8,,58.4,51.0,60.0,15,1,0,0,1,276,15,1,0,12,0,8,13,1.0,0.6,0.0,1
Derek Carr,8671,QB,NO,8,13,0,0,0.0,0,0,12,0,0,0,6,0.0,1,3,20,2,1,66.2,86.2,65.2,87.5,,56.6,46.1,61.6,13,3,0,0,3,227,35,5,0,8,1,47,6,0.46,3.6,0.0,0
Marcus Mariota,9435,QB,WAS,2,13,1,0,0.0,0,0,19,0,0,0,6,0.0,1,3,32,1,3,80.1,81.2,79.3,87.0,,,53.9,60.0,11,0,0,0,0,35,17,2,0,11,0,36,12,0.92,2.8,,4
Dak Prescott,10769,QB,DAL,8,13,0,0,0.0,0,0,9,0,0,0,8,0.0,1,5,9,4,0,56.0,67.9,66.6,67.2,,,59.6,60.0,22,3,0,0,0,156,45,6,0,7,1,54,28,2.15,4.2,,1
Mason Rudolph,46569,QB,TEN,4,13,0,0,0.0,0,0,10,0,0,0,6,0.0,3,6,31,4,1,45.4,59.8,51.2,60.3,,,52.4,60.5,14,2,0,0,0,128,51,6,0,7,1,61,16,1.23,4.7,,1
CeeDee Lamb,61570,WR,DAL,11,13,4,1,26.1,18,0,69,6,12,4,37,50.6,5,4,9,1,2,56.5,75.7,9.9,,67.1,77.6,58.9,63.2,18,6,841,77,410,183,0,0,112,90,0,69,37,2.85,5.3,2.05,2
Chris Rodriguez Jr.,83689,HB,WAS,2,13,5,1,30.4,17,0,56,0,0,5,49,145.0,1,3,32,0,10,75.1,71.3,76.5,,22.4,56.9,73.0,60.0,17,0,0,0,3,18,0,0,0,13,0,56,49,3.77,4.3,0.0,3
Hassan Haskins,83701,HB,LAC,8,13,1,0,0.0,0,0,26,0,0,1,23,13.6,0,6,27,0,2,75.3,62.2,78.2,,38.6,49.9,66.6,69.5,5,0,0,0,22,17,0,0,0,13,1,26,23,1.77,2.0,0.0,6
Eric Gray,99143,HB,NYG,9,13,0,0,0.0,0,0,25,1,3,0,21,23.1,0,1,21,1,7,24.4,47.5,80.9,,63.4,62.1,38.8,37.3,6,0,76,8,47,22,0,0,9,21,0,25,21,1.62,1.9,1.62,5
Jase McClellan,123926,HB,ATL,2,13,3,0,0.0,0,0,32,0,0,3,32,56.8,0,2,2,0,5,74.7,70.6,72.8,,74.5,55.9,69.1,,8,0,0,0,4,13,0,0,0,13,0,32,32,2.46,2.5,0.0,8
Craig Reynolds,94383,HB,DET,9,12,1,1,37.3,19,0,51,0,0,1,30,20.8,1,3,11,1,2,22.2,54.3,75.7,,,53.7,56.3,61.0,19,0,0,0,11,28,0,0,0,12,0,51,30,2.5,4.3,0.0,10
Tua Tagovailoa,60326,QB,MIA,7,12,0,0,0.0,0,1,-4,0,0,0,0,0.0,3,5,17,5,0,34.1,71.2,86.4,68.8,,,68.9,60.0,13,1,0,0,0,175,45,5,0,7,0,41,5,0.42,3.4,,1
Jayden Reed,78171,WR,GB,11,12,1,4,81.0,85,0,105,7,6,1,41,45.1,5,5,12,0,2,59.1,72.6,88.8,,66.2,71.2,70.2,65.3,33,0,669,41,265,171,0,0,52,53,1,105,41,3.42,8.8,2.52,6
Tyler Badie,83714,HB,DEN,3,11,1,2,68.6,59,0,86,0,0,1,67,43.5,2,4,10,1,4,23.2,62.0,74.0,,,26.5,72.8,60.0,43,0,-2,3,6,14,0,0,3,14,0,86,67,6.09,7.8,-0.33,7
Cooper Rush,12324,QB,DAL,7,11,0,0,0.0,0,0,5,0,0,0,2,0.0,0,2,9,6,1,24.9,46.4,84.0,53.7,,,25.0,60.0,4,0,0,0,0,72,5,2,0,9,0,10,6,0.55,0.9,,3
Xavier Worthy,144718,WR,KC,11,11,3,1,42.9,21,0,49,3,2,3,26,30.3,1,2,16,0,1,78.3,60.2,67.3,,,58.2,74.6,63.9,21,1,353,28,335,128,0,0,51,39,2,49,26,2.36,4.5,1.05,0
Deuce Vaughn,122624,HB,DAL,5,11,5,0,0.0,0,0,33,0,2,5,24,109.1,0,0,9,0,4,74.9,55.7,76.1,,16.0,65.5,55.0,60.0,7,0,18,3,18,14,0,0,4,14,0,33,24,2.18,3.0,1.0,6
Andy Dalton,6187,QB,CAR,6,11,1,0,0.0,0,0,-2,0,0,0,0,0.0,1,2,5,2,1,58.2,68.1,85.0,67.4,,,58.0,60.0,18,0,0,0,0,120,36,6,0,5,0,34,34,3.09,3.1,,0
J.J. Taylor,25512,HB,HST,4,10,0,0,0.0,0,0,44,1,0,0,19,0.0,0,1,13,0,7,73.9,59.5,75.9,,30.5,36.8,70.7,,9,0,0,2,17,10,0,0,3,12,0,44,19,1.9,4.4,0.0,3
Ronnie Rivers,57208,HB,LA,4,10,1,0,0.0,0,0,51,0,0,1,29,26.4,2,5,26,0,4,73.6,74.6,74.0,,53.1,58.2,76.8,60.0,12,0,0,1,10,12,0,0,1,11,0,51,29,2.9,5.1,0.0,5
Kendre Miller,123091,HB,NO,2,9,5,1,30.8,16,0,52,1,0,5,36,181.8,2,2,20,0,1,75.0,71.9,76.6,,35.5,32.5,81.7,60.0,16,0,1,2,12,12,0,0,3,11,0,52,36,4.0,5.8,0.08,8
Spencer Rattler,97408,QB,NO,3,9,2,0,0.0,0,0,0,0,0,0,0,0.0,2,3,20,3,0,24.6,55.9,82.8,55.4,,,58.4,60.6,28,0,0,0,0,53,61,6,0,3,0,61,77,8.56,6.8,,0
Jake Haener,60596,QB,NO,6,9,0,0,0.0,0,0,-5,0,0,0,0,0.0,0,0,20,0,0,79.8,61.0,78.5,60.0,60.9,,61.5,60.0,9,0,0,0,0,17,21,4,0,5,0,16,0,0.0,1.8,,0
Marvin Mims Jr.,122937,WR,DEN,12,9,1,1,47.2,17,0,36,2,5,1,26,69.3,2,3,10,0,4,88.0,58.4,83.9,,,58.5,57.7,55.5,17,0,162,16,115,55,0,0,25,25,0,36,26,2.89,4.0,1.41,1
Alec Ingold,34934,FB,MIA,9,9,0,0,0.0,0,0,13,0,0,0,15,0.0,0,5,17,2,0,16.4,48.2,40.7,,64.3,55.4,32.3,59.9,6,1,60,7,59,145,0,0,7,16,1,13,15,1.67,1.4,1.02,0
Khalil Herbert,41668,HB,CIN,7,8,1,0,0.0,0,0,16,0,0,1,14,17.5,0,3,7,0,4,75.0,56.4,76.8,,42.7,57.1,57.4,60.0,6,0,4,2,12,17,0,0,2,10,1,16,14,1.75,2.0,0.33,3
Jeff Wilson Jr.,29413,HB,MIA,4,8,2,0,0.0,0,0,40,0,0,2,26,65.0,2,1,17,0,6,73.4,60.0,76.6,,79.9,54.7,62.2,60.1,14,0,12,2,21,14,0,0,2,10,0,40,26,3.25,5.0,0.57,1
Dalvin Cook,11796,HB,DAL,2,8,0,0,0.0,0,0,20,0,0,0,18,0.0,0,0,9,0,1,72.5,53.3,76.8,,78.8,64.4,49.5,,4,0,10,1,10,8,0,0,1,9,0,20,18,2.25,2.5,1.0,6
Tank Dell,78874,WR,HST,11,8,1,2,125.0,35,0,28,5,4,1,12,15.0,2,2,13,0,0,80.7,69.0,69.7,,,70.4,56.5,45.1,18,1,520,42,365,145,0,0,68,50,0,28,12,1.5,3.5,1.42,2
Joe Flacco,4332,QB,IND,6,8,0,0,0.0,0,1,-1,0,0,0,1,0.0,1,2,14,3,1,90.0,65.5,85.0,64.7,,60.0,58.6,60.0,21,2,0,0,1,109,26,3,0,5,0,25,4,0.5,3.1,0.0,0
Tyreek Hill,10799,WR,MIA,11,7,2,1,34.0,16,1,47,1,8,2,11,28.1,2,2,17,0,0,80.6,70.9,55.5,,,72.9,60.5,48.3,16,4,571,49,334,228,0,0,73,56,0,47,11,1.57,6.7,1.71,0
DJ Moore,48267,WR,CHI,11,7,1,0,0.0,0,0,36,1,8,1,14,29.5,2,2,6,0,2,81.5,68.8,76.2,59.7,,68.1,70.5,58.1,14,2,566,54,440,234,0,0,77,61,0,36,14,2.0,5.1,1.29,0
Sterling Shepard,10674,WR,TB,9,7,1,2,78.2,43,0,55,1,2,1,20,30.6,2,3,30,0,0,76.8,55.9,6.6,,62.3,57.0,57.2,63.7,24,4,182,21,227,98,0,0,30,28,0,55,20,2.86,7.9,0.8,0
Mac Jones,60323,QB,JAX,4,7,1,0,0.0,0,0,3,0,0,0,1,0.0,0,3,15,2,0,46.0,44.0,81.0,43.0,,,61.0,60.3,5,0,0,0,0,37,12,3,0,4,1,15,5,0.71,2.1,,0
Mitch Trubisky,11757,QB,BUF,6,7,0,0,0.0,0,0,-7,0,0,0,0,0.0,0,0,4,0,0,72.8,29.6,76.1,24.6,,,61.9,60.0,-1,0,0,0,0,26,0,0,0,7,0,-7,0,0.0,-1.0,,0
Derius Davis,78196,WR,LAC,8,7,2,0,0.0,0,0,43,0,2,2,22,104.8,1,2,27,0,1,85.9,74.7,78.7,,,72.7,67.3,61.1,10,0,43,5,31,34,0,0,6,12,0,43,22,3.14,6.1,1.39,0
Tommy DeVito,60545,QB,NYG,1,7,0,0,0.0,0,0,1,0,0,0,3,0.0,1,1,21,0,1,79.9,51.1,78.6,51.8,,,55.4,60.0,17,0,0,0,0,16,31,4,0,3,0,32,16,2.29,4.6,,1
Patrick Taylor,40448,HB,SF,2,7,3,0,0.0,0,0,25,0,0,3,11,58.9,0,1,28,0,0,75.7,59.5,74.3,,,68.3,57.6,60.0,6,0,12,1,9,11,0,0,1,8,0,25,11,1.57,3.6,1.33,7
Jameson Williams,101701,WR,DET,9,6,1,1,39.5,15,0,38,2,2,1,18,25.7,3,3,11,0,0,78.1,74.4,67.2,,,75.0,64.8,57.0,15,1,602,29,264,208,0,0,47,35,0,38,18,3.0,6.3,2.28,0
Zay Flowers,97268,WR,BLT,12,6,3,1,40.4,19,0,47,3,14,3,31,139.4,1,1,3,0,1,81.9,80.1,71.3,,,81.7,70.4,43.5,19,2,789,57,355,224,0,0,83,63,0,47,31,5.17,7.8,2.22,0
Rashid Shaheed,63707,WR,NO,6,6,0,0,0.0,0,0,29,0,0,0,10,0.0,1,2,20,0,2,82.6,69.7,85.2,,,69.2,66.1,54.8,13,2,349,20,171,104,0,0,40,26,0,29,10,1.67,4.8,2.04,0
Hunter Luepke,91319,FB,DAL,10,6,1,0,0.0,0,0,19,0,3,1,16,66.7,0,4,9,0,1,74.3,58.6,30.3,,68.3,59.2,65.1,50.6,6,1,105,10,115,48,0,0,12,16,0,19,16,2.67,3.2,0.91,4
Ray-Ray McCloud III,47895,WR,ATL,11,6,2,2,66.1,37,0,56,0,7,2,28,89.4,2,2,2,3,2,22.5,59.4,57.2,,80.9,59.3,73.5,48.4,20,3,381,41,368,247,0,0,52,47,0,56,28,4.67,9.3,1.04,1
Sione Vaki,158505,HB,DET,8,6,1,0,0.0,0,0,14,0,0,1,12,28.6,0,0,11,0,1,71.9,65.6,77.0,,,80.7,60.1,53.7,7,0,17,1,9,13,0,0,1,7,0,14,12,2.0,2.3,1.89,5
Tyson Bagent,169628,QB,CHI,2,6,0,0,0.0,0,0,-7,0,0,0,0,0.0,0,0,6,0,0,70.6,62.4,70.6,,,,61.6,,-1,0,0,0,0,6,0,0,0,6,0,-7,0,0.0,-1.2,,0
Tre Tucker,101106,WR,LV,11,6,0,0,0.0,0,0,36,1,4,0,12,19.5,1,2,23,0,0,81.7,58.2,88.3,,66.2,59.0,53.1,47.3,11,1,367,35,416,173,0,0,53,41,1,36,12,2.0,6.0,0.88,0
Aaron Shampklin,148900,HB,PIT,3,6,1,0,0.0,0,0,17,0,0,1,14,38.9,0,1,25,0,3,74.2,52.5,77.7,,43.8,51.8,52.1,67.5,5,0,0,0,12,8,0,0,0,6,0,17,14,2.33,2.8,0.0,3
MarShawn Lloyd,124247,HB,GB,1,6,0,0,0.0,0,0,15,0,0,0,7,0.0,0,0,12,0,3,71.1,53.3,79.0,,,59.7,53.8,60.0,5,0,3,1,3,7,0,0,1,7,0,15,7,1.17,2.5,1.0,3
Bo Melton,61610,WR,GB,11,6,4,2,82.1,32,0,39,0,1,4,16,121.2,3,3,12,0,3,72.8,63.3,34.4,,,59.3,79.3,57.0,16,2,73,5,52,111,0,0,11,11,0,39,16,2.67,6.5,1.4,1
DJ Turner,47663,WR,LV,11,5,3,1,54.5,18,0,33,0,0,3,39,117.0,1,1,23,0,2,80.5,53.2,58.0,,69.0,53.6,58.1,53.3,18,1,133,15,231,99,0,0,27,20,1,33,39,7.8,6.6,0.58,0
KaVontae Turpin,47658,WR,DAL,11,5,1,0,0.0,0,0,14,3,3,1,11,33.8,1,0,9,2,2,29.8,66.7,83.3,,,69.3,41.5,58.7,11,0,275,21,123,49,0,0,31,26,0,14,11,2.2,2.8,2.24,0
Michael Burton,9601,FB,DEN,12,5,0,0,0.0,0,0,4,0,0,0,3,0.0,0,2,10,0,0,72.9,64.5,83.3,,83.5,56.4,52.9,71.5,3,0,46,7,45,58,0,0,7,12,0,4,3,0.6,0.8,1.02,0
Terrell Jennings,102408,HB,NE,1,5,0,0,0.0,0,0,13,0,0,0,12,0.0,0,0,19,0,3,69.7,55.8,73.8,,75.0,54.6,56.4,,5,0,0,0,8,5,0,0,1,5,0,13,12,2.4,2.6,0.0,2
Sincere McCormick,97119,HB,LV,1,5,1,1,57.6,19,0,33,0,0,1,14,56.0,2,2,23,0,5,69.7,69.1,68.1,,73.4,58.5,67.5,,19,0,0,0,2,5,0,0,0,5,0,33,14,2.8,6.6,0.0,0
Hendon Hooker,60593,QB,DET,3,5,0,0,0.0,0,0,0,0,0,0,2,0.0,0,1,11,0,0,74.1,74.1,76.5,72.8,,,63.8,60.0,3,0,0,0,0,22,2,1,0,4,0,2,4,0.8,0.4,,0
Mecole Hardman Jr.,42683,WR,KC,10,5,3,2,61.3,38,0,62,0,2,3,20,117.6,2,2,16,0,1,85.5,75.5,82.6,,69.4,68.9,85.8,59.2,20,0,90,12,67,38,0,0,13,17,1,62,20,4.0,12.4,1.34,0
Ashton Dulin,91479,WR,IND,12,5,2,0,0.0,0,0,45,0,1,2,23,197.1,2,2,14,0,0,73.9,54.9,33.4,,70.4,55.9,69.1,42.0,12,2,67,2,58,92,0,0,8,7,0,45,23,4.6,9.0,1.16,0
Xavier Legette,99197,WR,CAR,11,5,3,0,0.0,0,0,22,5,4,3,20,73.7,0,2,5,0,0,79.4,61.8,87.4,,46.2,61.8,60.8,54.4,8,0,340,33,277,172,0,0,48,38,0,22,20,4.0,4.4,1.23,0
Jonathan Ward,25859,HB,PIT,3,5,1,0,0.0,0,0,22,0,0,1,17,68.0,0,1,25,0,0,69.7,72.9,0.0,,75.7,59.7,75.4,60.0,7,1,0,0,1,8,0,0,0,5,0,22,17,3.4,4.4,0.0,5
Clayton Tune,77652,QB,ARZ,4,5,0,0,0.0,0,0,-5,0,0,0,1,0.0,0,1,1,1,1,17.0,32.4,74.5,,,,35.8,60.0,2,0,0,0,0,19,0,0,0,5,0,-5,1,0.2,-1.0,,0
Trey Lance,91399,QB,DAL,2,4,1,0,0.0,0,0,14,0,0,1,9,56.3,1,2,9,0,2,73.1,55.1,74.1,49.2,,,65.0,60.0,11,0,0,0,0,9,0,0,0,4,0,14,9,2.25,3.5,,0
Malik Nabers,146759,WR,NYG,9,4,0,0,0.0,0,0,-2,5,6,0,6,12.7,0,1,21,1,0,48.8,79.3,87.2,60.0,,80.2,50.7,54.9,2,2,671,67,337,185,0,0,100,71,0,-2,6,1.5,-0.5,1.99,0
Kenny McIntosh,99158,HB,SEA,3,4,1,0,0.0,0,0,16,0,0,1,11,68.8,0,1,29,0,3,72.0,73.5,75.7,,74.5,56.5,72.9,60.0,6,0,0,0,4,7,0,0,0,4,0,16,11,2.75,4.0,0.0,1
DeeJay Dallas,55632,HB,ARZ,2,4,0,0,0.0,0,0,12,0,0,0,13,0.0,0,1,1,0,2,26.4,68.1,68.5,,,,65.8,60.0,6,0,0,0,0,5,0,0,0,4,0,12,13,3.25,3.0,,2
Malik Washington,97108,WR,MIA,8,4,2,1,50.0,18,1,36,0,0,2,18,75.0,1,1,17,0,0,79.0,52.7,0.0,,64.9,55.9,69.7,36.2,18,2,46,8,89,73,0,0,11,12,1,36,18,4.5,9.0,0.52,2
Isaiah Davis,138299,HB,NYJ,3,4,0,0,0.0,0,0,18,0,0,0,8,0.0,1,2,22,0,1,76.1,62.1,68.3,,,79.7,57.8,,12,0,10,1,1,4,0,0,1,5,0,18,8,2.0,4.5,10.0,3
Mike Boone,31615,HB,CAR,1,4,1,0,0.0,0,0,7,0,0,1,9,56.3,0,0,5,0,1,68.6,69.0,68.0,,,59.5,67.5,,5,0,0,0,1,4,0,0,0,4,0,7,9,2.25,1.8,0.0,3
Calvin Ridley,48262,WR,TEN,11,4,0,0,0.0,0,1,32,6,2,0,10,11.1,2,2,31,1,0,33.6,69.2,87.9,,,70.4,47.3,52.4,10,2,634,41,353,205,0,0,76,45,1,32,10,2.5,8.0,1.8,0
Brian Thomas Jr.,146760,WR,JAX,11,4,2,0,0.0,0,0,19,4,5,2,7,26.6,1,1,15,0,1,79.4,79.6,47.3,,,81.1,56.5,52.8,13,2,689,42,303,151,0,0,62,46,0,19,7,1.75,4.8,2.27,0
Jalen Nailor,84292,WR,MIN,11,3,1,0,0.0,0,1,-4,4,0,1,8,13.3,0,1,18,0,0,75.7,59.5,12.3,,,60.3,67.4,57.5,3,3,252,17,234,115,0,0,28,20,0,-4,8,2.67,-1.3,1.08,1
Kenny Pickett,60515,QB,PHI,3,3,0,0,0.0,0,0,-1,0,0,0,0,0.0,0,1,24,0,0,71.3,54.0,75.9,44.6,,,65.0,60.0,1,0,0,0,0,24,0,0,0,3,0,-1,0,0.0,-0.3,,0
Jalen Reagor,61697,WR,LAC,6,3,0,0,0.0,0,0,-3,0,0,0,5,0.0,0,0,27,1,0,21.0,58.2,81.2,,,59.2,54.0,57.6,1,0,96,6,67,34,0,0,10,9,0,-3,5,1.67,-1.0,1.43,1
Rome Odunze,73774,WR,CHI,11,3,2,0,0.0,0,0,15,3,4,2,18,85.7,0,1,6,1,0,30.1,63.8,88.2,,62.3,64.2,59.5,48.4,8,1,518,39,411,189,0,0,66,42,0,15,18,6.0,5.0,1.26,0
Myles Gaskin,45914,HB,MIN,2,3,0,0,0.0,0,0,-1,0,0,0,4,0.0,0,0,18,0,1,73.0,63.1,68.7,,,84.2,50.6,,2,0,11,1,2,3,0,0,1,4,0,-1,4,1.33,-0.3,5.5,2
Dorian Thompson-Robinson,83574,QB,CLV,3,3,0,1,77.3,34,0,44,0,0,0,19,0.0,2,2,8,1,2,27.0,32.2,77.4,26.7,,,88.5,60.0,34,1,0,0,0,13,0,0,0,3,0,44,19,6.33,14.7,,0
Travis Homer,45859,HB,CHI,3,3,0,0,0.0,0,0,16,0,0,0,7,0.0,0,1,6,0,0,67.2,60.5,77.6,,86.8,50.4,61.4,,6,0,0,0,19,3,0,0,0,3,0,16,7,2.33,5.3,0.0,1
Devin Duvernay,40006,WR,JAX,6,3,2,0,0.0,0,0,10,0,0,2,17,283.3,0,1,15,0,0,82.4,56.4,79.0,,,51.3,70.6,53.7,4,0,-1,1,29,15,0,0,3,4,0,10,17,5.67,3.3,-0.03,0
Jaylen Waddle,84088,WR,MIA,11,3,0,0,0.0,0,0,6,5,2,0,3,4.5,0,0,17,0,0,78.6,69.7,88.1,,,69.5,50.9,63.6,4,0,548,41,335,229,0,0,56,44,0,6,3,1.0,2.0,1.64,0
Puka Nacua,100632,WR,LA,6,3,0,0,0.0,0,0,12,2,5,0,6,25.0,0,0,26,0,0,78.4,87.7,26.4,,75.5,89.4,48.5,66.1,7,2,490,37,154,70,0,0,52,40,0,12,6,2.0,4.0,3.18,0
Wan'Dale Robinson,101735,WR,NYG,11,3,3,0,0.0,0,0,18,3,10,3,19,128.6,1,1,21,0,0,80.7,62.1,51.4,,,62.7,57.0,57.3,14,2,441,61,367,156,0,0,84,64,0,18,19,6.33,6.0,1.2,0
Jordan Addison,123000,WR,MIN,9,3,1,0,0.0,0,0,20,3,4,1,12,57.1,0,1,18,0,0,78.0,70.9,27.2,,67.4,72.8,63.5,51.4,9,3,521,32,274,169,0,0,47,35,1,20,12,4.0,6.7,1.9,0
Quentin Johnston,123085,WR,LAC,9,3,1,0,0.0,0,0,6,3,6,1,9,84.0,0,0,27,0,0,76.2,61.9,62.8,,,63.3,55.1,50.2,4,1,354,22,221,148,0,0,42,25,0,6,9,3.0,2.0,1.6,0
Curtis Samuel,11795,WR,BUF,10,3,0,0,0.0,0,0,6,0,2,0,5,13.9,0,0,4,0,0,75.2,65.8,86.4,,,65.5,59.5,62.6,7,0,185,21,156,91,0,0,31,24,0,6,5,1.67,2.0,1.19,1
Brandon Allen,10835,QB,SF,2,3,0,0,0.0,0,0,-2,0,0,0,0,0.0,0,0,28,2,0,20.2,48.0,78.3,49.3,,,54.4,60.0,6,0,0,0,0,18,6,1,0,2,0,4,14,4.67,1.3,,0
Stefon Diggs,9579,WR,HST,8,3,0,0,0.0,0,0,2,2,3,0,5,15.3,0,1,13,0,0,79.7,79.0,64.0,60.4,,79.7,64.9,53.3,6,2,496,47,270,142,6,1,62,49,1,8,5,1.67,2.7,1.84,1
Kyle Juszczyk,7912,FB,SF,11,3,1,0,0.0,0,0,21,0,0,1,15,29.4,1,1,28,0,0,75.2,60.3,66.5,,75.3,54.7,68.3,63.3,14,2,119,14,167,174,0,0,19,17,1,21,15,5.0,7.0,0.71,1
Adonai Mitchell,146712,WR,IND,12,3,0,0,0.0,0,0,16,2,1,0,7,10.1,1,1,14,1,0,26.0,62.0,84.1,60.0,,64.0,55.4,37.3,10,1,254,20,148,74,0,0,40,23,0,16,7,2.33,5.3,1.72,0
Josh Johnson,4474,QB,BLT,3,3,0,0,0.0,0,0,2,0,0,0,0,0.0,0,0,3,0,0,68.2,52.0,72.9,60.4,,,55.6,60.0,2,0,0,0,0,11,0,0,0,3,0,2,0,0.0,0.7,,0
Velus Jones Jr.,40573,HB,JAX,1,2,0,0,0.0,0,0,11,0,0,0,6,0.0,0,1,15,0,0,68.6,71.7,68.7,,,61.0,68.5,59.8,6,0,8,1,1,3,0,0,1,3,0,11,6,3.0,5.5,8.0,2
Jalen McMillan,131905,WR,TB,7,2,1,1,60.7,17,0,28,3,1,1,14,107.7,2,2,30,0,0,76.5,50.1,56.1,,,50.5,77.4,34.4,17,1,120,11,191,96,0,0,24,13,0,28,14,7.0,14.0,0.63,0
Khalil Shakir,84140,WR,BUF,10,2,1,0,0.0,0,0,4,0,16,1,6,87.9,0,0,4,0,0,80.2,79.6,62.8,,61.6,80.5,56.6,53.4,2,1,599,56,256,100,0,0,64,58,0,4,6,3.0,2.0,2.34,0
Terry McLaurin,48229,WR,WAS,12,2,0,0,0.0,0,0,2,2,3,0,2,5.5,0,0,32,1,0,39.5,79.1,88.6,,,82.6,39.6,41.9,2,0,823,53,360,230,0,0,74,55,0,2,2,1.0,1.0,2.29,0
Jonnu Smith,11855,TE,MIA,11,2,0,0,0.0,0,2,-1,3,8,0,8,64.0,0,0,17,0,1,79.4,77.8,24.9,,68.0,83.3,57.0,42.6,0,3,535,48,255,89,0,0,61,50,0,-1,8,4.0,-0.5,2.1,0
Christian Watson,66581,WR,GB,10,2,1,0,,0,0,0,1,1,1,9,40.9,0,0,12,0,0,75.7,70.3,61.7,,,72.7,55.1,53.7,4,1,383,20,184,169,0,0,34,22,0,0,9,4.5,0.0,2.08,0
Treylon Burks,99218,WR,TEN,5,2,2,0,0.0,0,0,1,1,1,2,11,275.0,0,0,31,0,0,70.7,52.2,82.4,,,53.3,62.6,39.8,6,0,34,4,79,66,0,0,8,6,0,1,11,5.5,0.5,0.43,0
Brandin Cooks,8655,WR,DAL,4,2,0,0,0.0,0,1,2,0,0,0,1,0.0,0,0,9,0,0,72.0,55.5,84.6,,,55.8,61.1,46.6,5,1,91,9,135,65,0,0,19,11,0,2,1,0.5,1.0,0.67,0
George Pickens,99229,WR,PIT,11,2,1,0,0.0,0,0,-6,7,9,1,1,9.3,0,0,25,1,0,40.7,81.1,71.4,,,81.5,56.6,63.0,4,2,776,52,320,243,0,0,82,54,0,-6,1,0.5,-3.0,2.43,0
Jonathon Brooks,144721,HB,CAR,1,2,0,0,0.0,0,0,7,0,0,0,4,0.0,0,0,5,0,0,65.2,52.7,69.2,,74.4,58.6,53.9,,4,0,0,0,2,2,0,0,0,2,0,7,4,2.0,3.5,0.0,2
Tim Boyle,21956,QB,NYG,2,2,0,0,0.0,0,0,0,0,0,0,,100.0,0,1,21,0,0,77.6,57.5,77.9,56.3,,,62.1,60.0,6,0,0,0,0,18,10,2,0,0,0,10,6,3.0,5.0,,0
Jonathan Mingo,97774,WR,DAL,11,2,0,0,0.0,0,0,5,2,2,0,6,40.0,0,0,9,1,0,22.5,48.4,85.2,,,50.0,29.2,60.7,3,0,129,13,212,112,0,0,32,15,0,5,6,3.0,2.5,0.61,0
Cooper Kupp,11824,WR,LA,7,2,0,0,0.0,0,0,10,1,7,0,1,6.1,0,1,26,1,0,41.9,74.8,85.7,,65.3,74.7,58.6,57.9,9,0,548,55,242,119,0,0,76,57,0,10,1,0.5,5.0,2.26,0
Xavier Smith,102585,WR,LA,6,2,0,1,80.0,24,0,30,0,0,0,3,0.0,1,1,26,0,0,83.5,75.4,74.0,,,69.1,68.4,61.4,24,0,6,2,7,16,0,0,2,4,0,30,3,1.5,15.0,0.86,1
Troy Franklin,146567,WR,DEN,11,2,0,0,0.0,0,1,8,2,2,0,4,19.0,0,0,10,0,0,75.1,55.6,51.6,,,57.2,55.6,45.9,5,3,190,19,177,67,0,0,33,21,0,8,4,2.0,4.0,1.07,0
Desmond Ridder,55086,QB,LV,2,2,0,0,0.0,0,0,0,0,0,0,,100.0,0,0,23,2,0,27.2,39.8,77.3,41.6,,,54.6,60.0,3,0,0,0,0,4,5,2,0,0,0,5,1,0.5,2.5,,0
Brock Bowers,146715,TE,LV,11,2,1,0,0.0,0,0,9,2,4,1,15,49.3,1,1,23,0,0,82.0,83.1,89.8,,44.0,85.2,62.6,57.3,12,0,744,74,368,170,0,0,95,76,0,9,15,7.5,4.5,2.02,0
Jakobi Meyers,47468,WR,LV,9,2,1,1,87.0,20,0,23,0,3,1,15,54.5,1,1,23,0,0,80.3,74.7,69.1,,66.3,76.0,68.0,40.3,20,2,579,53,356,152,0,0,72,55,0,23,15,7.5,11.5,1.63,0
Tucker Kraft,104034,TE,GB,11,2,0,0,0.0,0,0,4,2,12,0,3,56.3,0,2,12,1,0,21.7,61.0,67.8,,68.7,61.6,70.6,56.1,2,3,402,30,296,279,0,0,38,32,0,4,3,1.5,2.0,1.36,0
Demario Douglas,104155,WR,NE,12,2,2,0,0.0,0,0,10,1,9,2,7,77.0,0,0,19,0,1,79.6,71.5,85.3,,67.4,70.8,62.9,57.3,9,1,477,48,314,125,0,0,63,50,0,10,7,3.5,5.0,1.52,0
Kyle Trask,39987,QB,TB,1,2,0,0,0.0,0,0,-2,0,0,0,0,0.0,0,0,30,0,0,65.2,60.5,66.9,,,,60.0,,-1,0,0,0,0,2,0,0,0,2,0,-2,0,0.0,-1.0,,0
C.J. Ham,11347,FB,MIN,11,2,0,0,0.0,0,0,10,0,0,0,3,0.0,0,1,18,1,0,15.3,57.8,87.0,,83.8,30.1,69.0,62.9,8,0,11,2,42,92,0,0,3,4,1,10,3,1.5,5.0,0.26,1
Kalif Raymond,11028,WR,DET,11,2,0,0,,0,0,0,0,3,0,3,25.0,1,1,11,0,0,86.4,69.4,83.6,,,69.1,59.5,59.7,12,0,204,16,126,77,0,0,20,18,0,0,3,1.5,0.0,1.62,0
Tyreik McAllister,156153,WR,LV,1,2,0,0,0.0,0,0,11,0,0,0,8,0.0,1,1,23,0,2,72.3,62.0,68.9,,,59.1,62.4,60.0,10,0,0,0,1,3,0,0,0,2,0,11,8,4.0,5.5,0.0,0
Jarrett Stidham,13725,QB,DEN,2,2,0,0,0.0,0,0,-2,0,0,0,0,0.0,0,0,10,0,0,65.2,61.0,69.9,,,,60.0,60.0,-1,0,0,0,0,5,0,0,0,2,0,-2,0,0.0,-1.0,,0
Josh Downs,122832,WR,IND,10,1,0,0,0.0,0,0,-1,2,5,0,0,0.0,1,1,14,0,0,85.3,87.8,62.4,,,88.1,,63.8,13,2,594,53,252,137,0,0,74,54,0,12,0,0.0,12.0,2.36,0
Diontae Johnson,33441,WR,BLT,11,2,0,0,0.0,0,0,6,2,6,0,1,9.1,0,1,3,0,0,77.2,66.1,61.8,,,66.4,59.2,58.7,4,1,363,31,231,131,0,0,62,33,0,6,1,0.5,3.0,1.57,0
Jaxon Smith-Njigba,129758,WR,SEA,11,1,0,0,0.0,0,0,8,2,10,0,4,59.7,0,1,29,1,0,48.9,78.2,73.5,59.7,,80.3,62.8,31.2,8,1,755,66,427,158,0,0,90,67,0,8,4,4.0,8.0,1.77,0
Charlie Kolar,60917,TE,BLT,12,1,0,0,0.0,0,0,2,0,0,0,1,0.0,0,1,3,0,0,71.3,70.1,42.9,,53.8,79.9,62.6,61.5,2,2,131,9,42,168,0,0,11,10,0,2,1,1.0,2.0,3.12,0
Tavierre Thomas,66931,CB,TB,1,1,0,0,0.0,0,0,-2,0,0,0,1,0.0,0,0,30,0,0,61.9,53.8,65.0,,,,56.0,,-2,0,0,0,0,1,0,0,0,1,0,-2,1,1.0,-2.0,,0
Tyler Boyd,10689,WR,TEN,11,1,0,0,0.0,0,0,3,1,3,0,3,30.0,0,1,31,1,0,76.9,59.5,85.3,51.2,39.1,60.9,,46.0,3,0,273,29,283,120,0,0,40,30,0,3,3,3.0,3.0,0.96,0
Tanner Hudson,66924,TE,CIN,7,1,0,0,0.0,0,0,1,2,1,0,0,0.0,0,1,7,1,0,21.5,59.3,82.3,,60.7,57.9,62.6,54.8,1,1,87,12,55,21,0,0,16,13,0,1,0,0.0,1.0,1.58,0
Jermaine Jackson,141559,WR,NO,2,1,1,0,0.0,0,0,-1,0,0,1,5,500.0,0,0,20,0,0,82.3,56.1,68.4,,,,59.2,59.1,-1,0,0,0,0,4,0,0,0,1,0,-1,5,5.0,-1.0,,0
Marcus Jones,55717,CB,NE,1,1,0,0,0.0,0,2,5,0,0,0,1,0.0,0,0,19,0,1,39.4,50.2,67.4,,,59.8,56.3,,5,5,0,0,1,1,0,0,0,1,0,5,1,1.0,5.0,0.0,0
Malachi Corley,66272,WR,NYJ,6,1,0,1,100.0,18,0,18,0,0,0,0,0.0,1,0,22,1,0,13.1,54.4,76.6,,66.1,64.7,36.1,83.9,18,0,16,3,22,19,0,0,4,4,0,18,0,0.0,18.0,0.73,0
Skylar Thompson,60417,QB,MIA,3,1,0,0,0.0,0,0,0,0,0,0,,100.0,0,0,17,2,0,20.3,39.7,78.7,41.8,,,55.3,60.0,4,0,0,0,0,17,4,1,0,0,0,4,3,3.0,4.0,,0
Travis Kelce,7844,TE,KC,11,1,0,0,0.0,0,0,1,2,2,0,2,5.8,0,0,16,2,0,46.8,70.3,90.9,,83.8,69.0,,63.7,1,1,569,68,382,208,0,0,87,69,0,1,2,2.0,1.0,1.49,0
Tyrod Taylor,6332,QB,NYJ,1,1,0,0,0.0,0,0,0,0,0,0,,100.0,0,0,22,0,0,71.4,66.1,73.2,59.8,,,65.6,60.0,7,0,0,0,0,3,7,1,0,0,0,7,3,3.0,7.0,,0
Jaden Hicks,146512,S,KC,1,1,0,0,0.0,0,0,1,0,0,0,0,0.0,0,0,16,0,0,61.9,60.0,60.4,,,,60.0,,1,0,0,0,0,1,0,0,0,1,0,1,0,0.0,1.0,,0
Chris Olave,84355,WR,NO,8,1,0,0,0.0,0,0,7,1,0,0,0,0.0,0,1,20,1,0,28.6,82.4,85.4,,39.9,83.0,,55.1,7,0,400,32,188,113,0,0,43,33,0,7,0,0.0,7.0,2.13,0
JK Scott,38809,P,LAC,1,1,0,0,,0,0,0,0,0,0,0,0.0,0,0,27,1,0,,60.0,65.7,,,,60.0,,0,0,0,0,0,1,0,0,0,1,0,0,0,0.0,0.0,,0
Deven Thompkins,84480,WR,CAR,3,1,0,0,0.0,0,0,-2,0,1,0,5,125.0,0,0,5,0,0,67.4,62.3,73.6,,,65.7,56.6,57.9,-2,0,13,3,11,11,0,0,3,4,0,-2,5,5.0,-2.0,1.18,0
Amon-Ra St. Brown,84470,WR,DET,11,1,0,0,0.0,0,1,-4,1,8,0,0,0.0,0,0,11,0,0,82.3,87.9,72.0,60.5,62.3,89.5,56.6,56.4,-4,2,747,71,325,299,0,0,84,72,0,-4,0,0.0,-4.0,2.3,0
Jake Bailey,33963,P,MIA,1,1,0,0,,0,0,0,0,0,0,8,0.0,0,0,17,0,0,61.9,60.0,60.5,,,,60.0,,0,0,0,0,0,1,0,0,0,1,0,0,8,8.0,0.0,,0
Cedric Tillman,84434,WR,CLV,11,1,0,0,0.0,0,2,-5,2,9,0,0,0.0,0,0,8,1,0,27.8,63.6,65.6,,70.7,65.8,56.2,39.5,-5,2,339,29,278,130,0,0,45,30,0,-5,0,0.0,-5.0,1.22,0
Garrett Wilson,97405,WR,NYJ,11,1,1,0,0.0,0,0,5,3,15,1,14,320.0,0,1,22,1,0,47.7,79.8,44.0,,,80.3,62.1,60.9,5,4,722,69,418,211,0,0,106,70,0,5,14,14.0,5.0,1.73,0
Jahan Dotson,84375,WR,PHI,11,1,0,0,0.0,0,1,13,0,2,0,0,0.0,1,1,24,0,0,71.5,54.5,66.1,,,54.8,,53.1,13,1,110,10,257,165,0,0,17,11,0,13,0,0.0,13.0,0.43,0
Rashee Rice,97605,WR,KC,4,1,0,0,0.0,0,1,1,1,8,0,1,32.0,0,1,16,0,1,75.8,85.1,83.1,,,85.5,64.6,43.7,1,1,288,24,91,56,0,0,29,25,0,1,1,1.0,1.0,3.16,0
Dylan Laube,88664,HB,LV,1,1,0,0,,0,0,0,0,0,0,4,0.0,0,0,23,1,1,13.5,29.0,62.8,,,,39.9,,0,0,0,0,0,1,0,0,0,1,0,0,4,4.0,0.0,,0
Ja'Marr Chase,84270,WR,CIN,11,1,0,0,0.0,0,0,11,5,13,0,1,17.6,1,1,7,0,0,81.7,81.6,74.1,,,81.0,63.4,63.5,11,1,1056,73,441,181,0,0,97,74,0,11,1,1.0,11.0,2.39,0
Drew Lock,39517,QB,NYG,2,1,0,0,0.0,0,0,0,0,0,0,,100.0,1,1,21,2,0,18.7,27.5,73.2,25.4,,,65.9,60.0,13,0,0,0,0,2,13,1,0,0,0,13,0,0.0,13.0,,0
Darius Slayton,25578,WR,NYG,10,1,0,0,0.0,0,0,11,6,3,0,2,18.2,1,1,21,0,1,78.2,65.2,53.9,,70.3,65.6,63.0,54.9,11,4,469,32,345,199,0,0,52,33,0,11,2,2.0,11.0,1.36,0
Kameron Johnson,165866,WR,TB,3,1,0,0,,0,0,0,1,0,0,1,0.0,0,0,30,0,1,68.8,47.4,78.0,,,44.5,59.6,75.3,0,0,0,0,17,22,0,0,1,1,0,0,1,1.0,0.0,0.0,0
Ainias Smith,99207,WR,PHI,5,1,0,0,0.0,0,0,2,0,0,0,1,0.0,0,0,24,0,0,68.3,56.4,76.3,,,58.7,57.2,57.7,2,0,6,3,11,32,0,0,3,4,0,2,1,1.0,2.0,0.55,0
Justin Jefferson,61398,WR,MIN,11,1,0,0,0.0,0,1,0,3,6,0,,9.8,0,0,18,1,0,45.5,84.6,74.0,60.3,,85.2,58.3,60.8,3,2,939,61,370,265,3,1,91,61,0,3,2,2.0,3.0,2.54,0
Ricky Pearsall,100660,WR,SF,5,1,0,1,100.0,39,0,39,0,0,0,31,0.0,1,1,28,0,0,75.6,61.3,82.8,,66.2,59.2,62.8,71.9,39,0,132,11,130,58,0,0,16,12,0,39,31,31.0,39.0,1.02,0
Matthew Hayball,100813,P,NO,1,1,0,0,0.0,0,0,11,0,0,0,4,0.0,1,1,20,0,0,61.9,65.0,65.7,,,,63.1,,11,0,0,0,0,1,0,0,0,1,0,11,4,4.0,11.0,,0
Jha'Quan Jackson,101135,WR,TEN,8,1,0,0,0.0,0,0,-5,0,0,0,0,0.0,0,0,31,0,0,23.3,70.3,79.1,,,68.9,,69.3,-5,0,8,1,15,27,0,0,3,2,0,-5,0,0.0,-5.0,0.53,0
Greg Dortch,42237,WR,ARZ,11,1,0,0,0.0,0,0,4,2,6,0,0,0.0,0,0,1,1,1,36.4,59.2,83.8,,,58.5,59.7,62.1,4,0,192,23,197,86,0,0,32,24,0,4,0,0.0,4.0,0.97,0
Jake Browning,46401,QB,CIN,2,1,0,0,0.0,0,0,-1,0,0,0,0,0.0,0,0,7,0,0,61.9,60.0,69.2,,,,60.0,60.0,-1,0,0,0,0,4,0,0,0,1,0,-1,0,0.0,-1.0,,0
Kadarius Toney,61245,WR,CLV,1,1,1,0,0.0,0,0,-7,0,0,1,-4,-400.0,0,0,8,0,1,61.9,43.3,72.4,,,56.9,53.6,60.0,-7,0,0,0,2,3,0,0,0,1,0,-7,-4,-4.0,-7.0,0.0,0
Tyler Conklin,47124,TE,NYJ,11,1,0,0,,0,0,0,0,4,0,0,0.0,0,0,22,0,0,76.9,55.9,89.3,,76.9,59.2,60.0,40.8,0,1,252,29,349,187,0,0,40,30,0,0,0,0.0,0.0,0.72,0
Nick Mullens,12282,QB,MIN,3,1,0,0,,0,0,0,0,0,0,0,0.0,0,0,18,0,0,66.1,76.9,69.9,75.5,,,60.0,60.0,0,0,0,0,0,3,0,0,0,1,0,0,0,0.0,0.0,,0
Jalen Reeves-Maybin,11879,LB,DET,2,1,1,0,0.0,0,0,1,0,0,1,3,300.0,0,0,11,0,0,61.9,53.5,65.7,,,56.8,56.0,,1,1,0,0,1,1,0,0,0,1,0,1,3,3.0,1.0,0.0,0
Dyami Brown,77986,WR,WAS,12,1,0,0,0.0,0,0,14,2,10,0,3,176.5,1,1,32,0,0,74.3,67.2,56.5,,66.3,67.1,63.1,59.0,14,3,171,16,156,130,0,0,21,17,0,14,3,3.0,14.0,1.1,0
Tutu Atwell,77965,WR,LA,11,1,0,0,0.0,0,0,7,2,0,0,2,0.0,0,0,26,0,0,77.2,73.2,53.9,59.7,,74.7,51.7,58.4,7,1,423,30,175,104,0,0,44,31,0,7,2,2.0,7.0,2.42,0
Laviska Shenault Jr.,61220,WR,SEA,9,1,1,0,0.0,0,0,1,0,1,1,2,66.7,0,0,29,0,0,26.3,54.8,0.0,,,61.6,56.6,47.7,1,1,36,5,21,21,0,0,5,6,0,1,2,2.0,1.0,1.71,0
Steven Sims,48341,WR,HST,4,1,0,0,,0,0,0,0,0,0,2,0.0,0,0,13,0,0,84.3,50.4,71.9,,,55.5,56.6,60.0,0,0,0,0,6,3,0,0,0,1,0,0,2,2.0,0.0,0.0,0
Drew Sample,47259,TE,CIN,11,1,0,0,0.0,0,0,-4,0,2,0,0,0.0,0,0,7,1,0,19.2,45.6,87.7,,56.5,42.3,,49.0,-4,0,51,9,132,179,0,0,11,10,0,-4,0,0.0,-4.0,0.39,0
Chris Godwin,11839,WR,TB,7,1,0,0,0.0,0,0,2,0,9,0,-1,-17.6,0,1,30,1,0,38.3,86.3,85.8,,71.5,85.7,62.0,62.7,2,0,576,50,244,132,0,0,60,51,0,2,-1,-1.0,2.0,2.36,0
Ja'Lynn Polk,123153,WR,NE,11,1,0,0,,0,0,0,2,1,0,1,7.7,0,0,19,0,0,72.5,43.4,62.6,,74.3,46.2,56.5,31.3,0,4,87,12,226,136,0,0,29,13,0,0,1,1.0,0.0,0.38,0
Mark Andrews,47436,TE,BLT,12,1,0,0,0.0,0,0,2,1,3,0,1,7.9,0,1,3,0,0,78.3,81.1,69.9,,53.5,82.3,62.6,64.2,2,1,423,37,250,163,0,0,44,38,0,2,1,1.0,2.0,1.69,0
Cade Otton,61071,TE,TB,11,1,1,0,0.0,0,0,-4,6,10,1,3,64.7,0,0,30,2,0,24.4,61.8,69.3,,53.1,61.0,,63.0,-4,2,486,50,374,216,0,0,70,51,0,-4,3,3.0,-4.0,1.3,0
British Brooks,77714,HB,HST,2,1,0,0,0.0,0,0,2,0,0,0,1,0.0,0,0,13,0,0,61.9,56.5,71.6,,64.9,52.0,60.0,65.2,2,0,0,0,3,5,0,0,0,1,0,2,1,1.0,2.0,0.0,0
Trey McBride,75916,TE,ARZ,10,1,0,0,0.0,0,0,2,0,11,0,4,71.0,0,1,1,0,0,80.5,84.9,75.2,,68.3,88.1,63.8,61.1,2,2,685,61,290,218,0,0,76,62,1,2,4,4.0,2.0,2.36,0
